0, 0, 240, 150, 188
0, 0, 10000, 10000, 65
418, 418, 10000, 10000, 539
418, 418, 2019, 10000, 839
907, 907, 6190, 10000, 685
1466, 977, 9720, 10000, 475
1815, 977, 7527, 10000, 417
1815, 977, 10000, 1934, -362
2094, 1396, 7133, 10198, 384
1535, 1256, -7489, 10000, 1085
1535, 1256, 3942, 10000, 342
1954, 558, 2246, 10000, 1243
2164, 698, 995, 10000, 364
2164, 698, 10000, 2519, 569
2234, 418, 10000, 4361, 227
1605, 1186, -7154, 10000, 1684
1605, 1186, -9999, 10000, 1263
1815, 977, -6726, 10000, 929
2164, -68, -3533, 10000, 1404
2303, -348, 388, 10000, 1600
2303, -348, -1674, 10000, 1683
2583, -417, 10000, 3915, 260
2303, 279, 10000, -5477, -646
2303, 279, 10000, -7867, -612
1256, 1186, 10000, 3209, -221
698, 1745, 10000, 1181, -997
698, 1745, 10000, -8200, -1423
767, 2024, 10000, 1773, -425
0, 2303, 5009, 10000, -239
0, 2303, 10000, 6427, -745
907, 2094, 8636, 6880, -516
1326, 2094, -3439, 10000, 524
1326, 2094, -9853, 10000, 718
1466, 1535, -9999, 10000, 1543
1745, 0, 9043, 10000, 53
2234, -278, 10000, 9323, 194
2234, -278, 10000, 4666, 35
1954, 1047, 8081, 10064, 417
1745, 1535, -9999, 10000, 1621
1745, 1535, -9999, 10000, 1614
2024, 628, -8765, 10000, 1547
2164, -278, 6024, 10000, 676
2164, -278, 419, 10000, 1243
2373, -68, 5724, 10000, 796
2373, 418, 2542, 10000, 1022
2373, 418, -1189, 10000, 972
2583, 698, -2757, 10000, 956
2443, 279, 1703, 10000, 829
2583, 69, 1671, 10000, 883
2583, 69, 615, 10000, 1062
2583, 279, 287, 10000, 967
2652, 349, -2832, 10000, 1265
2652, 349, -4702, 10000, 1080
2513, 0, 2529, 10000, 597
2652, -68, 9961, 8075, 382
2652, -68, 10000, 4914, 253
2583, 698, 9812, 2394, 155
1954, 1535, -29, 9630, 328
1954, 1535, -2594, 10000, 763
2024, 1466, -1947, 9921, 110
2303, 558, 3506, 7983, 652
2303, 558, 4136, 8358, 330
2234, 488, -2848, 10000, 871
2303, 558, -943, 10000, 1084
2443, 69, -8891, 10000, 983
2443, 69, 1697, 10000, 1311
2652, -278, 8232, 6798, 459
2513, 349, 9414, 4091, -122
2513, 349, 10000, -2718, -169
2024, 1186, 10000, -4172, -958
1047, 1815, 10000, -5078, -1057
1047, 1815, 10000, -466, -682
279, 2234, 10000, 5339, -789
628, 2373, -607, 10000, 149
628, 2373, -6026, 10000, -45
1396, 2164, 2218, 5568, -351
1745, 1186, 6059, 6011, -102
1815, 1186, 6360, 4984, -208
1815, 1186, 9367, 1523, -94
1605, 1396, 8039, 2491, -635
1256, 1815, 10106, -945, -745
1256, 1815, 474, 8211, -13
1047, 2024, 375, 8299, -273
1605, 1396, 6276, 2640, -233
1605, 1396, 1620, 7106, 110
1605, 1186, -1152, 10000, 344
1745, 977, 310, 10000, 473
1745, 977, -2231, 10000, 597
2094, 698, 957, 10000, 498
2303, 488, 3075, 8950, 419
2303, 744, 3372, 6975, 172
2373, 628, 6410, 3300, 208
2024, 1047, 5240, 3212, -25
1675, 1326, 4556, 4568, 75
1675, 1326, 4324, 4604, -125
1466, 1466, 2805, 6622, 23
1675, 1326, 3975, 2748, -149
1675, 1326, 5769, 2582, -153
1605, 1186, 5270, 4934, 9
1466, 1396, 2060, 6199, 8
1466, 1396, 3228, 6306, 224
1675, 1326, 818, 7321, 59
1675, 1186, 2008, 7245, 37
1675, 1186, 7773, -866, -560
1815, 907, 10000, -9999, -1301
1117, 1466, 10000, -6106, -1119
0, 1815, -3592, 10000, 185
0, 1815, 10000, 760, 63914
767, 1884, 10000, -9999, 63404
349, 2024, 10000, -9999, 63297
349, 2024, 10000, -9271, 63904
-627, 2234, 10000, 1761, 63889
-487, 2303, 10000, -7210, 63298
-487, 2303, 10000, 5528, -1331
-278, 2443, 10000, -10157, 63027
-68, 2583, 10000, -9442, 63972
-68, 2583, 10000, -4347, 63782
-487, 2652, 10000, 2032, 63976
-487, 2722, 10000, -780, 63650
-487, 2722, 10000, -1877, 63454
-68, 2722, 10000, -7818, 63605
-348, 2792, 10000, -4245, 63708
-557, 2792, 10000, -1543, 63668
-557, 2792, 10000, 1056, -1134
-487, 2792, -10194, 10000, 484
279, 2303, -9999, 10000, 386
279, 2303, 10000, 341, -1504
1117, 1117, 10000, -9999, 62250
558, 1675, -9999, 10000, 2375
558, 1675, -9999, 10000, 3604
488, 1396, -8098, 10000, 380
1326, 209, 10000, -9004, -1447
1326, 209, 10000, -9999, 61731
1326, 418, 10000, -9999, -930
0, 1396, 10000, 10000, -167
139, 1745, 7517, 10000, -182
139, 1745, 10000, 10000, -155
1117, 2024, 2571, 10000, 55
1745, 1815, 247, 10000, 196
1745, 1815, 6361, 4744, -238
2164, 1396, 10000, -474, -256
1745, 1675, 5918, 3646, -114
1745, 1675, 826, 7691, 461
1256, 1815, 3029, 8744, -145
1466, 1466, 10000, -267, -420
1466, 1466, 7034, 4116, -181
1396, 1745, 3906, 4943, 12
1186, 1815, 3201, 5077, -372
1186, 1466, 7573, 3267, -169
1326, 1466, 3353, 7566, 26
1396, 1605, 2055, 6983, -35
1535, 1326, 6738, 4606, -135
1535, 1326, 9341, 325, -112
1396, 1605, 3216, 5114, 63
1256, 1745, 2824, 5369, -95
1256, 1745, 5606, 1968, -325
1396, 1396, 5967, 3524, 214
1186, 1605, 4743, 4865, -97
1186, 1605, 6269, 5168, -201
1326, 1535, 3591, 5360, -36
1326, 1535, 3442, 5399, 46
1326, 1535, 3976, 5425, -51
1396, 1396, 4566, 6398, 1
1466, 1396, 4863, 3968, 240
1466, 1466, 3079, 5132, 114
1466, 1466, 3118, 5194, 130
1466, 1396, 3416, 5396, 47
1466, 1326, 5457, 3834, -249
1466, 1326, 5065, 4374, 17
1466, 1535, 3582, 3683, -18
1466, 1466, 6261, 1621, -191
1466, 1466, 4874, 3177, -103
1256, 1535, 3183, 6062, 13
1396, 1466, 4117, 4258, -5
1396, 1466, -4990, 10000, 551
1535, 1466, -3850, 10000, 323
1815, 767, 732, 10000, 550
1815, 418, 8661, 4163, 436
2234, 418, 10000, -522, -226
2164, 977, 10000, -7433, -561
1186, 1675, 9548, 5124, -71
1186, 1675, 4839, 7747, 117
767, 1954, 6289, 7408, -223
1466, 1815, 9991, -2999, -360
1466, 1815, 7906, -1392, -373
1326, 2024, 3339, 3685, 253
1117, 1884, 884, 8194, 34
1117, 1884, 2410, 6330, 69
1535, 1466, 3804, 4060, 75
1535, 1326, 3807, 5447, 229
1535, 1326, -1152, 9439, 487
1535, 1466, 2122, 9897, 354
1815, 1117, 3295, 5859, 79
1884, 1117, 7565, 728, 83
1884, 1117, 3000, 5070, 272
1466, 1396, 865, 7801, 53
1745, 1186, 4524, 3706, 5
1745, 1186, 6491, 1849, 9
1466, 1396, 10000, -3991, -571
1117, 1745, 9502, 755, -449
1117, 1745, 10000, -121, -642
698, 2164, 10000, 104, -790
767, 2164, 1654, 10000, 236
767, 2164, 1610, 8054, -511
1047, 1954, 10000, -9678, -1106
1256, 1675, 10000, -9945, -1136
209, 2024, 10000, 7550, -892
209, 2024, 10000, -3554, -1188
139, 2164, 10000, -2780, -1310
-68, 2513, 10000, -4571, -1526
-68, 2513, 9770, 7417, -703
0, 2373, 10000, -2428, 63633
418, 2722, 10000, -9999, 63485
418, 2722, 10000, -1711, -824
-278, 2583, 10000, 1828, -1498
-138, 2652, 10000, -6215, 63902
-138, 2652, 3066, 10000, -139
-208, 2652, 5226, 10000, -667
698, 2373, 7597, 6930, -371
698, 2373, -7377, 10000, 753
1396, 2234, -1794, 9989, 118
1815, 1396, 10000, -9999, -1252
1326, 1466, 10000, -2730, -485
1326, 1466, -761, 10000, 886
488, 1954, -9999, 10000, 1042
1326, 907, 10000, 8009, -313
1326, 907, 10000, 152, -682
1605, 907, 10000, 7229, 475
1326, 1675, 1423, 10000, 616
1326, 1675, -3159, 10000, 608
1815, 1466, -7765, 10000, 983
2303, 698, 5999, 3576, -134
2303, 698, 10000, -9999, -1441
2094, 488, 1276, 10000, 1946
977, 1326, -9999, 10000, 2435
1396, 488, 10000, 9298, -199
1396, 488, 10000, -9999, 63795
1396, 628, 10000, -9999, -978
209, 1466, 6189, 10000, 642
209, 1466, 10000, 10000, -206
628, 1675, 10000, -3332, -1337
1186, 1815, 10000, -9999, 63648
1186, 1815, 10000, -9999, -1487
69, 1954, 10000, 412, -971
-417, 2094, 10000, 10000, -725
-417, 2094, 10000, -2843, 63677
418, 2303, 10000, 290, -818
209, 2373, 10000, 7631, -391
209, 2373, 10000, -9999, 62992
698, 2373, 10000, -9999, 63870
-68, 2234, 10000, -3487, -1528
-627, 2443, 10000, -8956, 63000
-627, 2443, 10000, -9999, 63703
-1116, 2513, 10000, -3949, 63734
-1116, 2513, 10000, 10000, -1000
-1116, 2513, 10000, 10000, -1519
-68, 2652, 10000, -8789, 63562
209, 2513, 10000, -2533, -1231
209, 2513, 10000, -9999, 63604
-348, 2722, 10000, -9999, 63474
-906, 2722, 10000, 297, -1393
-906, 2722, 10000, 5918, -1400
-976, 2722, 10000, 5177, -1449
69, 2722, 10000, 6645, -640
698, 2722, 10000, 4762, -920
698, 2722, 8967, 4013, -669
1047, 2652, 10000, -1322, -752
837, 2583, 5011, 5456, -279
837, 2583, 2381, 7536, -262
977, 2373, 3344, 5523, -297
1186, 1884, 5001, 5516, -96
1186, 1884, 1921, 8501, 259
1396, 1675, -4553, 10000, 889
1675, 1256, -9999, 10000, 1523
1675, 1256, -9999, 10000, 1342
2094, 279, 5340, 10000, 888
2234, -138, -5130, 10000, 2227
2234, -138, -9176, 10000, 2097
2513, -68, 2936, 10000, 1194
2652, -557, 10000, 9448, 1020
2583, 488, 7029, 8039, 801
2583, 488, 10000, 2412, 355
2583, 1256, 10000, -5420, 34
1675, 1745, 10000, -1939, -194
1675, 1745, 10000, -2497, -82
628, 1815, 10000, 2939, -520
628, 2303, 9280, 7217, -245
628, 2303, 4597, 8531, -163
977, 2234, 8411, 2530, -317
1186, 2024, 5656, 4566, -105
1186, 2024, 7078, 3781, -156
1117, 1954, 6811, 3360, -299
1186, 1815, 7490, 2821, -13
977, 1815, 7769, 3876, -142
977, 1815, 9281, 2609, -299
1047, 1954, 7699, 2065, -215
1047, 1954, 4621, 4823, -252
1047, 1954, 3492, 4540, -111
1117, 1884, 6228, 3776, -123
1186, 1675, 9276, 244, -224
1186, 1675, 5018, 4545, -9
1117, 1745, 3404, 5379, 56
1256, 1605, 1469, 7848, 249
1256, 1605, -665, 10000, 581
1535, 1396, -1134, 10000, 748
1954, 1047, -904, 7952, 641
1954, 535, 3326, 6608, 285
2164, 767, 8287, 1346, 216
1954, 1186, 8392, -633, 194
1396, 1535, 7787, 2683, 5
1396, 1535, 8210, 1582, -75
1047, 1815, 5810, 4636, -23
1186, 1745, 7240, 2818, -122
1186, 1745, 6128, 3285, -82
1326, 1745, 5714, 2196, -12
1256, 1745, 5845, 2569, -164
1256, 1745, 4236, 2363, -144
1186, 1675, 7600, 1613, -102
1186, 1745, 4251, 4336, -54
1186, 1745, 3889, 4322, -33
1186, 1745, -778, 10005, 557
1396, 1535, -9734, 10000, 1489
1815, 767, -1063, 10000, 672
1815, 767, 2519, 10000, 992
2164, 279, 1743, 10000, 942
2373, 488, 4872, 8702, 368
2373, 488, 10000, -7396, -405
2094, 1117, 10000, -9999, -574
977, 1745, 2470, 10000, 200
977, 1745, 10000, -9999, -1297
1047, 1815, 10000, -9999, 63521
279, 2024, 10000, -9999, 63257
279, 2024, 10000, -9999, 62512
-627, 2234, 10000, -9999, 62906
-1185, 2373, 10000, -9999, 62500
-1185, 2513, 10000, -9999, 61418
-1534, 2513, 10000, -9999, 62341
-1883, 2652, 10000, -9999, 61810
-2093, 2792, 10000, -9999, 62190
-2093, 2792, 10000, -9999, 61406
-2163, 2722, 10000, -9999, 61213
-2372, 2792, 10000, -9999, 61853
-2372, 2792, 10000, 3076, 63287
-2372, 2862, 10000, -9999, 62311
-1814, 2792, 10000, -7346, 62863
-1814, 2792, 10000, -2361, 63369
-1953, 2722, 10000, 10000, -518
-1046, 2513, -9999, 10000, 2426
-1046, 2513, -9999, 10000, 3821
349, 1954, -9999, 10000, 3757
1117, 488, -9999, 10000, 2578
1745, -766, 10000, 2606, -353
1745, -766, 10000, -1049, -59
1396, -138, 10000, -10064, -971
349, 1186, 10000, 5775, -165
349, 1186, 10000, 7435, 111
69, 1745, 9665, 10000, 364
1047, 2164, -7704, 10000, 1058
1047, 2164, -7353, 10000, 812
1535, 1466, -3133, 10000, 734
2024, 628, 10000, -7773, -555
2024, 628, 10000, -2779, -114
1605, 977, 10000, -5690, -487
837, 1745, 10000, 8465, 351
325, 1815, -4049, 10000, 1112
488, 1815, 187, 10000, 455
1186, 1256, -78, 10000, 1017
1745, 977, 10000, 793, -466
1745, 977, 10000, 3272, -58
1745, 1256, 10000, 2403, 161
1117, 1745, 3052, 10000, 754
1117, 1745, -9999, 10000, 1327
1326, 1605, -7353, 10000, 916
1675, 418, 7547, 10000, 674
1675, 418, 10000, 5619, 29
2024, 488, 10000, -660, -120
1675, 1326, 10000, -287, -41
1675, 1326, 4112, 10000, 478
1047, 1745, 5800, 10000, 346
1396, 1884, 9500, 2955, 125
1535, 1815, 10000, -1515, -285
1535, 1815, 9080, 1022, 58
1186, 2164, -464, 10201, 437
1326, 1815, 2124, 7824, 565
1326, 1815, 3824, 5472, 13
1745, 1256, 10000, -8948, -331
1186, 1675, 10000, -198, -88
1186, 1675, 7807, 4109, 252
488, 1954, 8574, 7099, -204
977, 2094, 10000, -3967, -909
977, 2094, 10000, -2316, -311
837, 2094, 7143, 4272, 73
418, 2234, 7377, 6427, -292
1047, 2094, 10000, -2775, -621
1047, 2094, 3655, 5762, 73
1117, 2164, 4615, 2887, -60
1186, 1815, 9435, -97, -91
1186, 1815, 5677, 3994, 156
1047, 1884, 1156, 7825, 735
1256, 1675, -8421, 10000, 937
1256, 1675, -7435, 10000, 1003
1745, 837, 3133, 10000, 853
2094, 418, -4531, 10000, 1499
2094, 418, 7959, 8759, 579
2303, 349, 8345, 7013, 873
2303, 1047, -2820, 10000, 1435
2303, 1047, -4701, 10000, 983
2303, 1186, -5593, 10000, 1049
2303, 558, 4346, 7471, 862
2513, 349, 3894, 7842, 1176
2513, 349, 7430, 4088, 784
2303, 837, 9943, -1235, 276
1954, 1326, 10000, -4038, 21
1954, 1326, 10000, -3413, 3
977, 1815, 9165, 3437, -111
767, 2094, 7011, 5765, -75
767, 2094, 6806, 5086, -275
1326, 2094, 5580, 906, 52
1186, 1954, 6914, 235, -265
1186, 1954, 5659, 2754, -83
977, 1884, 7618, 2098, -408
977, 1954, 4559, 4554, -245
1047, 1954, 6227, 3147, -77
1047, 1954, 2362, 5540, 152
1117, 1815, 2330, 6222, 247
1396, 1535, 2310, 6576, 552
1396, 1535, -2856, 10000, 651
1815, 1186, -3339, 10000, 955
2094, 767, -538, 10000, 927
2094, 767, 416, 10000, 884
2303, 628, -5792, 10000, 1316
2373, 418, -9999, 10000, 3344
2373, 418, -9999, 10000, 3616
2583, -348, 10000, -9332, -343
2234, -557, 10000, -2683, -190
2234, -557, 10000, 2508, 165
1326, 628, 10000, 66, -101
977, 1466, 10000, 5367, -2
1047, 2024, 9046, 4147, -11
1047, 2024, 8399, 4309, -33
1396, 2094, 10000, -1910, -437
1256, 2234, 5141, 1559, -34
1256, 2234, 2648, 4019, -28
907, 2164, 7655, 1782, -412
1117, 1954, 5720, 3148, -38
1117, 1954, 5708, 2697, -167
1117, 1884, 5316, 3349, -110
1117, 1815, 4860, 4278, 0
1117, 1815, 3381, 7640, 218
1186, 1745, -3842, 10000, 702
1535, 1326, -7944, 10000, 1035
2024, 698, 1991, 10000, 648
2024, 698, 5014, 8554, 780
2234, 418, -1421, 10000, 1311
2164, 698, -8073, 10000, 1353
2164, 698, -2304, 10000, 1252
2443, 209, -8531, 10000, 2107
2513, 0, 629, 10000, 1221
2513, 0, -7610, 10000, 2065
2583, -68, -9999, 10000, 2656
2583, -417, -3790, 10000, 1913
2583, -417, -9999, 10000, 2512
2583, -836, -7040, 10000, 2189
2583, -1046, 1539, 10000, 1869
2583, -534, -9706, 10000, 3034
2652, -766, -3902, 10000, 2011
2652, -697, -3317, 10000, 1782
2652, -627, 10000, 10000, 895
2652, -627, 928, 10000, 2416
2583, 349, -9999, 10000, 3026
2652, 0, -7854, 10000, 1659
2652, 0, -8444, 10000, 1923
2652, -627, -3875, 10000, 1858
2722, -976, 4464, 10000, 1516
2722, -976, -1389, 10000, 1967
2652, -487, -5732, 10000, 2167
2652, -278, -8143, 10000, 2389
2652, -278, -9999, 10000, 2145
2722, -697, 1118, 10000, 1829
2722, -976, 8595, 10000, 1427
2792, -348, 8991, 10000, 1243
2792, -348, 10000, 10000, 958
2652, 558, 8877, 7106, 421
2513, 1186, 3278, 7799, 551
2513, 1186, -4413, 10000, 1012
2373, 1396, 1575, 5205, 343
2303, 698, 10000, -702, 89
2303, 698, 10000, 467, 14
1815, 977, 10000, 1915, 15
1256, 1675, 6135, 7019, 40
1256, 1675, 5442, 7478, 234
1466, 1884, -4370, 10000, 510
1535, 1605, -3810, 10000, 643
1535, 628, 4045, 9461, 585
1954, 628, 5512, 8370, -78
2234, 418, 10000, 3415, -76
1745, 1047, 10000, 881, -241
1745, 1047, 10000, -6409, -1205
1117, 1605, 10000, -8673, -1301
69, 2024, 10000, 7581, -737
69, 2024, 10000, 7926, -867
69, 2234, 10000, -462, -1445
837, 2443, 10000, -3706, -1280
837, 2443, 9117, 2425, -412
418, 2652, 4095, 9115, -704
698, 2443, 10000, 1281, -707
698, 2443, 10000, -5315, -1295
977, 2373, 9644, -1052, -734
418, 2722, 10000, -1443, -1282
209, 2722, 10000, -5452, -1409
209, 2722, 4298, 5620, -716
0, 2792, 7060, 4779, -1025
628, 2583, 9484, -1130, -1057
628, 2583, 2745, 4961, -532
418, 2094, -412, 10000, -75
837, 1954, 642, 10000, -75
837, 1954, 9524, 4282, -787
1466, 1396, 6533, 5309, -127
1117, 1396, -1827, 10000, 348
1117, 1396, 9783, 6850, -362
1396, 1256, 10000, 4072, -486
1396, 1466, 5090, 10000, 39
1396, 1675, 4383, 8121, -219
1396, 1675, 10000, 1723, -319
1396, 1815, 1003, 9508, 166
1326, 1675, 4187, 4794, -221
1326, 1675, 5469, 5433, -44
1535, 1535, 7194, 2703, -395
1326, 1605, 5493, 3776, -198
1326, 1605, 7906, 1422, -372
1256, 1675, 7879, 2233, -95
1117, 1954, 3550, 5171, -118
1117, 1954, 2155, 6500, -88
1256, 1954, 1297, 5705, -176
1535, 1396, 4470, 4678, 14
1535, 1396, 3454, 6464, 62
1466, 1326, 5153, 4884, -7
1466, 1535, 4985, 3182, -43
1396, 1535, 5212, 3158, -44
1396, 1535, 2923, 4121, 6
1396, 1466, 3511, 5577, 95
1466, 1466, 3262, 5054, -255
1466, 1466, 4121, 3871, -13
1466, 1396, 3552, 5032, 67
1396, 1466, 3537, 5049, 105
1396, 1466, 2751, 6001, 103
1535, 1396, -300, 8743, 237
1605, 1256, -2485, 9744, 440
1605, 1256, -4633, 10000, 852
1884, 977, -5650, 10000, 1058
2094, 488, -1533, 10000, 966
2373, 69, 853, 10000, 1278
2373, 69, -2301, 10000, 1448
2303, 139, -818, 10000, 1384
2513, -68, 423, 10000, 1200
2513, -68, 3941, 10000, 1096
2583, 139, 3977, 10000, 905
2583, 488, 5035, 8217, 631
2583, 488, 6299, 8158, 703
2513, 907, 396, 8553, 836
2303, 977, -3624, 10000, 864
2303, 977, -7130, 10000, 1257
2513, 488, -1384, 10000, 1067
2583, 0, 6194, 7297, 762
2583, 0, 7375, 4836, 622
2513, 279, 8851, 1500, 258
2234, 1047, 7390, 1036, 85
1745, 1535, 5785, 2980, 112
1745, 1535, 6410, 1810, -27
1396, 1815, 2297, 6129, 59
1466, 1675, 2399, 5869, 101
1466, 1675, 1663, 5992, 48
1745, 1326, 450, 7455, 269
1745, 1186, 3923, 5034, -18
1745, 1186, -1073, 9422, 554
1884, 907, -3610, 10000, 836
2094, 628, -1164, 10000, 741
2094, 628, -5059, 10000, 1035
2303, 209, -1068, 10000, 1131
2373, 69, 2174, 10000, 923
2583, 139, 471, 10000, 1064
2583, 139, 319, 10000, 984
2513, 279, 4738, 8197, 591
2652, 488, 5546, 3009, 386
2652, 488, 10000, -898, 214
2094, 1117, 8116, 933, -39
1535, 1605, 5660, 3968, -71
1535, 1605, 5192, 3317, -71
1326, 1815, 1759, 7006, 66
1535, 1605, -346, 8545, 291
1535, 1605, 2744, 4771, -95
1884, 1047, 7519, 1180, -109
1675, 1186, 5595, 4178, 271
1675, 1186, -2764, 10000, 408
1466, 1535, -9999, 10000, 1116
1815, 837, -9999, 10000, 1434
2164, -278, -3521, 10000, 1601
2164, -278, -4669, 10000, 1375
2234, -557, -1525, 10000, 1614
2583, -487, -5114, 10000, 2055
2583, -487, -8038, 10000, 1676
2513, -487, -1461, 10000, 1249
2583, -906, 6158, 10000, 1291
2583, -906, -746, 10000, 1795
2652, 0, -9999, 10000, 2031
2443, -138, -6233, 10000, 1511
2443, -138, -9059, 10000, 1685
2722, -766, -7787, 10000, 2215
2583, -976, 1807, 10000, 1171
2792, -766, 7668, 10000, 842
2792, -766, 8401, 10000, 1034
2583, 488, -9999, 10000, 1561
2583, 349, 228, 10000, 825
2583, 349, 3220, 10000, 928
2652, -138, 1508, 10000, 1067
2583, 209, 7506, 10000, 393
2583, 209, 10000, 4588, 52
2652, 767, 10000, -1853, -202
2024, 1466, 8223, 2041, -165
2024, 1466, 10000, -1539, -433
1396, 1884, 3603, 5346, 37
1256, 2024, -1927, 10000, 220
1256, 1512, 4920, 3586, -438
1745, 1535, 7029, 511, -418
1535, 1326, 6223, 3732, -315
1326, 1605, 8392, 1810, -405
1326, 1605, 10000, -1394, -867
1117, 1815, 6923, 2788, -475
1047, 1954, 1876, 5537, -396
1047, 1954, 8031, 1224, -569
1326, 1815, 3712, 3947, 36
1256, 1675, -3544, 10000, 173
1256, 1675, 3516, 6099, -285
1675, 977, 5875, 6273, -74
1675, 1117, 4504, 6657, 169
1675, 1117, -6363, 10000, 768
1535, 1186, -9999, 10000, 1136
1954, 418, -890, 10000, 689
2094, 0, 10000, 10000, 145
2094, 0, 8345, 10000, 105
2234, 907, 3843, 10000, 386
2164, 1186, 1862, 9769, 296
2164, 1186, 3018, 7946, 90
2164, 1186, 3410, 6428, 30
2024, 1047, -3912, 10000, 358
2024, 1047, -4616, 10000, 423
2094, 837, -3336, 10000, 297
2303, 418, 6983, 6179, 312
2303, 418, 6839, 6487, 288
2234, 767, 5292, 8013, 108
1884, 1256, -4906, 10000, 435
1884, 744, -9602, 10000, 1216
2024, 767, 4997, 7775, 260
2234, -138, 10000, 2420, -92
2094, 698, 8038, 6547, 70
2094, 698, 10000, 3923, -47
1884, 1466, 7596, 1795, -298
1605, 1954, 5576, 1912, -345
1605, 1954, 1646, 4579, -381
1396, 1954, 2520, 4402, -278
1326, 1675, 6500, 14, -560
1326, 1675, 3797, 6527, -233
1396, 1535, 10000, -1715, -600
1396, 1605, 7963, 891, -474
1396, 1605, -3157, 10000, 45
1256, 1745, 3055, 5247, -273
1745, 1326, 1644, 6121, 141
1745, 1047, 3692, 6102, 80
1745, 1047, 2540, 6066, 112
1675, 1186, 2044, 7270, -81
1745, 1117, 2360, 7029, 26
1745, 1117, 2648, 7792, 30
1815, 1117, 2805, 6055, 19
1675, 1117, 3127, 6417, 8
1675, 1117, 5183, 4346, -114
1675, 1186, 3764, 5640, -54
1745, 1186, 2134, 6089, 301
1745, 1186, -615, 8950, 139
1745, 1117, 2637, 6153, 65
1815, 1047, 10000, -4977, -652
1815, 1326, -1637, 10000, 425
1535, 1326, 5821, 3833, -317
1605, 1326, 10000, -9999, -1325
1117, 1535, 10000, -9999, 63506
1117, 1535, 10000, -9999, 63666
-68, 1884, 10000, -2333, 63787
-697, 2094, 10000, 6729, 63873
-697, 2094, 10000, -9999, 62617
-68, 2234, 10000, -9999, 62614
-627, 2373, 10000, -9999, 62433
-627, 2373, 10000, -9999, 62639
-1185, 2373, 10000, -9167, 62726
-1744, 2513, 10000, -9999, 62406
-1744, 2513, 10000, -9910, 62369
-1883, 2583, 10000, -2933, 62862
-2093, 2722, 10000, 4424, 63063
-1255, 2722, 10000, -9999, 62116
-1255, 2722, 10000, -1387, 63152
-1046, 2722, 10000, -3298, 63114
-906, 2792, 10000, -9999, 62561
-906, 2792, 10000, 4405, 63750
-1185, 2792, 10000, -1238, 63327
-417, 2792, 10000, -8426, 63071
-417, 2792, 10000, -9999, 62481
-627, 2792, 10000, 5152, -1372
-976, 2722, -9999, 10000, 3245
-976, 2722, 10000, 9650, -1352
-68, 1815, 10000, -9999, 62155
279, 1954, 10000, -9999, 63027
279, 2234, 10000, -9999, 62262
-766, 2234, 10000, -9999, 62204
-1465, 2373, 10000, -9999, 62463
-1814, 2443, 10000, -9231, 62644
-1814, 2443, 10000, -3056, 63226
-2163, 2652, 10000, 10000, -1055
-1255, 2652, -5116, 10000, 655
-1255, 2652, -9999, 10000, 2223
139, 2024, -9999, 10000, 2127
977, 628, -8752, 10000, 1342
977, 628, -4574, 10000, 1355
1535, -278, 10000, 10000, -143
1954, 279, 10000, -9999, 63830
1954, 279, 10000, -9999, 63268
1326, 1186, 10000, -9999, 63105
-68, 1605, 10000, -9999, 62953
-1046, 1815, 10000, -7932, 63259
-1046, 1815, 10000, -6607, 63332
-1534, 2164, 10000, 5510, -1356
-1116, 2234, -1795, 10000, 915
-1116, 2234, -9999, 10000, 842
69, 1675, 4133, 10000, 1
977, 628, 10000, -6203, 63884
977, 628, 10000, -9999, 63545
837, 1117, 10000, -9999, 63855
-348, 1535, 10000, -4259, -1499
-348, 1535, 10000, -298, -1093
-906, 1815, 10000, 10000, -394
-278, 2024, 5713, 10000, 451
907, 1884, -7129, 10000, 979
907, 1884, 10000, 6095, -569
1396, 1117, 10000, 604, -113
1326, 1535, 10000, 6290, 17
1326, 1535, 5027, 10000, 430
1186, 1675, -1436, 10000, 375
1815, 1396, 6646, 7930, 93
1815, 1396, 9601, 4301, 89
1745, 1396, 688, 10000, 921
1884, 1535, -9060, 10000, 1051
1884, 1535, -9999, 10000, 1314
2094, 698, -405, 10000, 588
2234, -208, 8788, 10000, 1249
2234, -208, 2026, 10000, 1204
2443, 418, -8499, 10000, 2008
2443, 698, -9999, 10000, 2007
2513, -138, -4530, 10000, 1593
2513, -138, -4912, 10000, 1667
2583, -627, -402, 10000, 1848
2652, -348, 2344, 10000, 1209
2652, -348, 6924, 10000, 1035
2652, 209, 5786, 10000, 852
2513, 698, -58, 10000, 1180
2513, 698, -7858, 10000, 1620
2443, 488, -7582, 10000, 1550
2722, -208, 10000, 8486, 618
2722, -208, 7562, 10000, 863
2373, 349, 10000, 2686, 46
2373, 1047, 10000, -1886, 135
1535, 1535, 9327, 3008, -122
1535, 1535, 9395, 2838, -7
1117, 1954, 6642, 5232, -89
1256, 1954, 4303, 5970, 128
1256, 1954, 5609, 6238, -185
1605, 1745, 4743, 2804, -252
1326, 1675, 4030, 5487, 174
1326, 1675, 4445, 3413, -164
1326, 1466, 8651, 2169, -179
1256, 1535, 8865, 2224, -147
1256, 1535, 10000, 362, -394
1047, 1884, 10000, -43, -443
977, 2024, 8401, 1197, -630
977, 2024, 9474, 282, -575
837, 2164, 2508, 7010, 13
767, 2234, 406, 7771, -140
1396, 1535, 10000, -1060, -294
1396, 1535, 9117, 70, -93
1256, 1605, 4104, 5528, -51
1186, 1605, 4859, 5269, -56
1186, 1605, 5890, 4238, -171
1396, 1535, 6189, 2576, -174
1117, 1675, 5315, 4254, -166
1117, 1675, 4375, 5449, -154
1117, 1675, 3814, 6030, -67
1326, 1605, 755, 8413, 121
1326, 1605, -3954, 10000, 531
1675, 1256, -5485, 10000, 955
1954, 837, -2774, 10000, 929
2234, 209, -1012, 10000, 1249
2234, 209, -2663, 10000, 1279
2303, -68, 4147, 10000, 955
2513, 139, 6884, 10000, 720
2513, 139, 10000, 3397, 278
2513, 907, 10000, -1792, 163
1954, 1605, 6579, 1358, -63
1954, 1605, 6419, 138, 13
1256, 1884, 6522, 5326, -91
1256, 1815, 4988, 4560, -19
1256, 1815, 2283, 6807, 67
1466, 1675, 1841, 5990, 185
1605, 1466, -2341, 10000, 655
1605, 954, -5034, 10000, 1495
1815, 977, -8101, 10000, 1229
2094, 69, -1174, 10000, 1416
2234, 0, -9999, 10000, 1882
2234, 0, 7661, 10000, 638
2443, -417, 10000, 10000, 1198
2373, 488, -9999, 10000, 2558
2373, 488, -9999, 10000, 2248
2373, 0, 2139, 10000, 1015
2583, -487, -7429, 10000, 2308
2583, -487, 5235, 10000, 905
2513, -348, 4641, 10000, 1036
2652, 69, 7720, 10000, 681
2652, 69, 10000, 2420, 242
2513, 907, 10000, 697, -85
2024, 1605, 6603, 1812, -93
1326, 2024, 5669, 3491, -234
1326, 2024, 3260, 5499, -11
1256, 1884, 2780, 6642, 244
1675, 1605, 4752, 2887, 30
1675, 1605, 1439, 4044, 211
1675, 1396, 968, 7007, 118
1675, 1186, 1929, 7336, 560
1675, 1186, -9051, 10000, 1071
1815, 907, -9334, 10000, 1210
2094, 0, 6789, 10000, 860
2094, 0, -5826, 10000, 1744
2094, 209, -8975, 10000, 1577
2443, -208, 8070, 10000, 383
2443, -208, 10000, -40, 116
2303, -68, -9999, 10000, 2701
2164, 837, -9999, 10000, 2746
2303, -138, 798, 10000, 1002
2303, -138, -3021, 10000, 1334
2303, -417, 4094, 10000, 934
2443, -208, 2918, 10000, 1096
2443, -208, 10000, 9885, 502
2652, 488, 10000, 4811, 542
2234, 1256, 10000, -4129, -607
2234, 1256, 10000, -9999, -939
1675, 1815, 7757, 1465, -128
767, 2024, 9284, 4997, -614
767, 2024, 10000, -4785, -856
977, 2094, 10000, 665, -601
628, 2303, 2783, 10000, -236
1117, 2234, 2631, 6539, -241
1117, 2234, 8293, -1004, -952
1675, 1884, 8076, -2787, -385
907, 1815, -4917, 10000, 463
907, 1815, -4477, 10000, 207
1256, 1186, -2553, 10000, 642
1815, 558, -3647, 10000, 1292
1815, 558, -6647, 10000, 1407
1884, -68, -949, 10000, 1360
2373, -348, -7691, 10000, 1662
2373, -348, 6922, 10000, 921
2652, -417, 4271, 10000, 1130
2373, 279, -1049, 10000, 786
2373, 698, 10000, 2099, -271
2373, 698, 10000, -911, -97
2164, 1396, 5786, 4259, 109
1535, 1535, 5854, 5990, 9
1535, 1535, 6463, 5649, -135
1605, 1745, 10000, -1484, -413
1466, 1815, 7465, 2770, -356
1466, 1815, 5136, 3287, -202
1186, 1745, 3759, 6892, -102
1396, 1675, 3466, 5762, -125
1396, 1675, 2987, 6125, -83
1466, 1535, 3852, 5094, -176
1466, 1396, 3520, 6300, -94
1466, 1396, 4567, 5749, -141
1466, 1326, 4148, 5617, -22
1466, 1466, 1051, 8022, 68
1605, 1256, -886, 10000, 354
1605, 1256, -3808, 10000, 560
1954, 837, -1923, 10000, 614
2164, 488, -1175, 10000, 793
2164, 488, -2636, 10000, 698
2373, 139, 3722, 10000, 537
2513, 279, 2391, 10000, 700
2513, 279, 6283, 7137, 407
2443, 698, 6127, 4105, 272
2303, 1117, 4992, 1838, 49
2303, 1117, 5883, 631, 53
1815, 1396, 4753, 3018, 67
1535, 1396, 2171, 6855, 58
1535, 1256, 1781, 5891, 28
1745, 1256, 2047, 6535, 59
1884, 1117, 594, 7599, 322
1815, 977, 184, 9021, 362
1815, 977, 1240, 8412, 344
2024, 837, 1519, 7587, 333
2094, 837, 874, 7547, 414
2094, 837, -1517, 6765, 461
2024, 837, -2093, 10000, 649
2094, 628, -237, 10000, 613
2094, 628, 1027, 9438, 549
2373, 488, 4305, 4988, 262
2234, 628, 6319, 3364, 148
2234, 628, 4254, 4581, 57
1884, 1186, 6328, 3690, 68
1675, 1466, 3091, 4910, -74
1675, 1396, 3261, 4803, 41
1675, 1396, -1311, 9144, 320
1815, 1117, -6429, 10000, 748
2024, 558, -8912, 10000, 1148
2024, 558, 6629, 7270, 68
2303, -208, 8019, 10000, 1066
1884, 418, -9999, 10000, 1638
1884, 418, -9999, 10000, 1889
2234, -138, -9999, 10000, 1568
2373, -766, 10000, 10000, 353
2373, -766, -9999, 10000, 3550
2373, -278, -9999, 10000, 3281
2373, -417, -4522, 10000, 1385
2513, -766, 3889, 10000, 1181
2513, -766, -9999, 10000, 2315
2583, -487, -9999, 10000, 2167
2652, -836, -3612, 10000, 1423
2652, -836, -939, 10000, 1424
2652, -976, 1768, 10000, 1742
2722, -627, 4667, 10000, 1020
2722, -627, 5347, 10000, 990
2722, 0, 4904, 10000, 905
2722, 488, -3362, 10000, 1040
2722, 488, 7021, 7677, 248
2722, 349, 10000, 214, -155
2373, 907, 10000, 2371, -126
2373, 907, 4312, 7608, 36
1675, 1605, -172, 10000, 225
1745, 1605, -2484, 10000, 328
2164, 837, 3033, 8510, 493
2164, 837, 3911, 7110, -170
2443, 349, 10000, -6096, -350
1605, 977, -9999, 10000, 1871
1605, 977, -9999, 10000, 2130
1675, 488, 8813, 10000, -499
2094, -348, 10000, -9999, 63453
2094, -348, 10000, -9999, 62994
1186, 488, 10000, -9999, 63091
-68, 1117, 10000, 10000, -509
-68, 1117, -3535, 10000, 811
-278, 1605, 10000, -6493, 62329
907, 1256, 10000, -9999, 63204
69, 1535, 9391, 10000, -278
69, 1535, 6562, 10000, -617
418, 1745, 10000, -9999, 62329
698, 1815, 6038, 10000, -146
698, 1815, 10000, 3279, -1351
977, 1954, 10000, -9999, 63168
558, 2164, 10000, -9999, 63586
558, 2164, 10000, -9999, 63495
-417, 2234, 10000, -1731, 63768
-766, 2443, 9308, 10000, -532
-766, 2443, -2663, 10000, 62
139, 2303, 10000, 1406, 63862
1047, 1815, 8415, 9836, -191
1047, 1815, -976, 10000, 108
1117, 1954, -5647, 10000, 465
1535, 1186, 5662, 8976, -44
2024, 767, 3383, 10000, 343
2024, 767, -9999, 10000, 1343
2094, 907, -9999, 10000, 2162
2303, -68, -4735, 10000, 1004
2303, -68, -1177, 10000, 1596
2443, -487, -9999, 10000, 3111
2443, -417, -9161, 10000, 1690
2443, -417, -7322, 10000, 1750
2583, -1046, -9421, 10000, 2063
2583, -1116, -9699, 10000, 2387
2583, -1116, -9999, 10000, 2806
2443, -1185, -640, 10000, 1436
2722, -1674, -1926, 10000, 1877
2513, -836, -1355, 10000, 1387
2513, -836, 10000, 10000, 663
2722, -138, 283, 10000, 1409
2513, 558, -4672, 10000, 1300
2513, 558, 595, 10000, 483
2513, 0, 10000, 5302, -46
2583, 488, 10000, 2668, -132
2583, 488, 7985, 7357, 308
1954, 1256, 6665, 8129, -150
2024, 1535, 4946, 4813, 35
2024, 1535, 6977, 1372, -397
1884, 1326, -9999, 10000, 1543
1884, 1256, 2738, 6063, -567
1884, 488, 10000, -9999, -1491
1815, 488, 10000, -9999, 63643
698, 1117, 10000, -9999, 63471
-278, 1605, 10000, -428, 63872
-278, 1605, 10000, 10000, -730
-417, 1884, 10000, -9999, 62312
69, 2234, 10000, -8975, 63276
69, 2234, 10000, -9999, 62453
-557, 2303, 10000, -9999, 62145
-1116, 2443, 10000, -6894, 63047
-1116, 2443, 10000, -856, 63228
-1395, 2513, 10000, -3537, 62256
-906, 2652, 6249, 10000, -710
-906, 2652, 10000, -9999, 62980
139, 2583, 10000, -2729, 63973
209, 2583, 8868, 10000, -999
558, 2513, 10000, -1561, 63895
558, 2513, 10000, -2931, -1359
418, 2513, -9999, 10000, 1424
558, 2024, -9999, 10000, 110
558, 2024, 4287, 10000, -433
1326, 1047, 10000, 6478, -237
1884, 1396, 1776, 10000, 246
1884, 1396, 4828, 6427, -248
2024, 1535, 3589, 4425, -270
2024, 1466, -588, 7681, 178
2024, 1466, -9470, 10000, 867
1815, 1117, -9999, 10000, 1822
2094, 209, -9369, 10000, 1240
2094, -302, -6030, 10000, 1529
2164, -417, -167, 10000, 1207
2303, -697, -516, 10000, 1524
2513, -417, -6183, 10000, 1705
2513, -417, -6007, 10000, 1638
2513, -348, -3688, 10000, 1577
2583, -697, 3576, 10000, 1567
2583, -697, -236, 10000, 1307
2652, -487, 4389, 10000, 1047
2652, 0, -2995, 10000, 1203
2652, 0, 2237, 10000, 894
2722, 139, 5658, 10000, 527
2652, 349, 10000, 3548, 67
2652, 349, 10000, 3349, -44
2373, 1117, 6117, 2896, -101
1815, 1605, 3793, 5594, 86
1605, 1605, 6676, 3050, -279
1605, 1605, 10000, -3108, -709
1535, 1535, 10000, -4223, -768
907, 2024, 4310, 8115, -104
907, 2024, 10000, 567, -884
1047, 1954, 1863, 10014, 130
1117, 2024, -9999, 10000, 139
1117, 2024, 10000, -9999, 63448
1535, 1117, 10000, -9999, 62081
558, 1396, 10000, -9999, 60795
558, 1396, 10000, -9999, 63288
-417, 1815, 10000, 10000, -480
-627, 2024, 6777, 10000, -548
-627, 2024, -1763, 10000, 341
558, 2024, -1941, 10000, -24
1466, 1326, 2855, 10000, 74
1884, 1047, -2666, 10000, 671
1884, 1047, -9563, 10000, 1050
2094, 698, -9999, 10000, 1816
2094, -138, -442, 10000, 1079
2094, -138, -4612, 10000, 1668
2443, -557, 3970, 10000, 1190
2443, -278, -7702, 10000, 1774
2443, -278, -9992, 10000, 1463
2583, -278, -7560, 10000, 1466
2583, -557, -2229, 10000, 1415
2583, -557, -8329, 10000, 1638
2513, -557, -2496, 10000, 1243
2652, -697, 6913, 10000, 945
2583, -138, -4110, 10000, 1484
2583, -138, -4425, 10000, 1309
2583, -138, 1942, 10000, 887
2792, -278, 10000, 5945, 194
2792, -278, 10000, 757, -95
2234, 628, 10000, 4660, -88
1954, 1466, 5990, 5723, 75
1954, 1466, 3280, 7348, -167
1815, 1675, 3292, 5606, 30
1815, 1535, 1133, 6495, 35
1815, 1535, 8781, -987, -729
1884, 1186, 10000, -1163, -849
1256, 1535, 7091, 6192, -241
1256, 1884, 4632, 8185, -243
1047, 1884, 10000, -1300, -1269
1466, 1815, 10000, -3166, -742
907, 2094, -541, 9451, -195
907, 2094, 1659, 8618, -481
1326, 1675, 10000, -1229, -746
1535, 1675, 572, 7111, -123
1535, 1675, -1258, 8707, -5
1466, 1535, 745, 7816, 12
1675, 1047, 5808, 5286, -294
1675, 1047, 7546, 5386, -308
1884, 977, 7110, 3194, -152
1396, 1466, -95, 10000, 127
1396, 1466, 1741, 6937, -4
1605, 1396, 5862, 1437, -483
1605, 1117, 5663, 4824, -205
1605, 1256, 2772, 6749, 102
1605, 1256, 781, 8466, -84
1815, 1186, 2934, 5740, 2
1815, 1117, 2856, 5647, -265
1815, 1117, 10000, -1928, -651
1675, 1186, 10000, -2657, -687
907, 1745, -1270, 10000, 365
907, 1745, 2941, 9599, -701
1256, 1535, 473, 10000, 146
1745, 1186, 3891, 5291, -767
1745, 1186, 10000, -9999, 63388
1605, 977, 10000, -8960, -1010
418, 1605, 10000, -7775, 63690
-138, 1884, 10000, -6757, 63489
-138, 1884, 10000, -8360, 63045
-697, 2234, 10000, -8357, 63077
-1185, 2234, 10000, -1480, 63300
-1185, 2234, 10000, 10000, -1106
-1046, 2513, 10000, 10000, -1314
349, 2443, 10000, -9999, 62282
349, 2443, 10000, -9999, 62967
349, 2443, 10000, 1726, -1152
-487, 2513, 10000, 1726, 63849
-487, 2513, 10000, -6896, 63188
-138, 2513, 10000, 6088, -706
-278, 2583, 10000, 8177, 63866
-278, 2583, 10000, -5314, 63806
628, 2513, 10000, -9772, 63772
349, 2513, 10000, -9999, 63124
-557, 2652, 10000, -5354, 63475
-557, 2652, 10000, -8426, 63201
-976, 2583, 10000, -1217, 63612
-1116, 2792, 10000, 1538, 63689
-1116, 2792, 10000, 6719, 63838
-348, 2792, 10000, 7219, -1257
488, 2722, 10000, 3106, -1069
488, 2722, 10000, 750, -1125
767, 2792, 9140, 1645, -946
628, 2792, 3551, 6525, -661
628, 2792, -2695, 10000, -304
767, 2583, -3315, 10000, -317
1326, 1745, 7854, 3678, -446
1605, 1535, 4730, 5291, -180
1605, 1535, 4452, 5612, -159
1605, 1675, 5782, 2580, -303
1535, 1605, 2032, 6921, -46
1535, 1605, 2307, 5853, 8
1466, 1466, -379, 10000, 158
1675, 1256, 1130, 9611, 234
1675, 1256, 1916, 9706, 221
2024, 977, 2342, 9154, 365
2164, 907, 2404, 6601, 295
2164, 907, 5190, 3263, 186
1884, 1047, 8387, 1432, -8
1745, 1326, 8777, -743, -108
1745, 1326, 4325, 7319, 115
1186, 1466, 4688, 7168, -48
1256, 1535, 5862, 5275, -237
1326, 1396, 6590, 4875, -104
1326, 1396, 6858, 4744, -143
1466, 1466, 4700, 4206, 3
1326, 1466, 3501, 7038, -16
1326, 1466, 4505, 6284, -245
1535, 1326, 4200, 5993, 58
1605, 1326, 406, 8721, 247
1605, 1326, 6760, 2445, -235
1675, 1117, 8478, 1821, -83
1535, 1466, 6333, 2266, -239
1535, 1466, 6238, 5508, 44
1256, 1535, 4780, 5844, -306
1326, 1535, 10000, -9999, 63732
837, 1605, 10000, -9999, 63049
837, 1605, 10000, -9999, 63611
-278, 1884, 10000, 8818, -709
-278, 2094, 10000, -9999, 63007
-278, 2094, 10000, -9999, 62733
-278, 2303, 10000, -9999, 62145
-906, 2303, 10000, -9999, 62267
-906, 2303, 10000, -9999, 62316
-1534, 2373, 10000, -9999, 62338
-1953, 2583, 10000, -9999, 61251
-1953, 2583, 10000, -9999, 62562
-2093, 2583, 10000, -6706, 62524
-2302, 2722, 10000, -8654, 62134
-2302, 2722, 10000, -9999, 61570
-2163, 2722, 10000, -9999, 62229
-2442, 2722, 10000, -2813, 62760
-2302, 2862, 10000, -9666, 62114
-2302, 2862, 10000, -9999, 61957
-2093, 2792, 10000, -6649, 62531
-2442, 2862, 10000, 3387, 63095
-2442, 2862, 10000, 4478, 62908
-1604, 2862, 10000, -9999, 62297
-1116, 2862, 10000, 9853, -949
-1116, 2862, 10000, 745, 63788
-836, 2722, 10000, -4002, 63425
-208, 2792, 10000, -4580, 63702
-208, 2792, 10000, 3111, -1199
-557, 2862, 10000, 7305, -1193
-208, 2862, 10000, 4034, -1224
418, 2862, 7914, 8663, -455
418, 2862, 9054, 6945, -503
907, 2792, -2810, 10000, 382
1396, 2303, -9999, 10000, 1049
1396, 2303, -1979, 10000, 208
1815, 907, 10000, 1876, 199
1675, 837, 259, 10000, 1280
1675, 837, -9964, 10000, 1795
1815, 1047, -9999, 10000, 2088
2164, 0, -7213, 10000, 2149
2164, 0, -7854, 10000, 2107
2303, -627, -9474, 10000, 2227
2443, -836, -7432, 10000, 2516
2443, -1116, -5331, 10000, 2670
2513, -1116, -6989, 10000, 2656
2583, -1255, -9999, 10000, 3884
2652, -1604, -4753, 10000, 2151
2652, -1604, 8574, 10000, 2218
2722, -1255, -8517, 10000, 2836
2722, -627, 2119, 10000, 1726
2722, -627, 6908, 10000, 1434
2722, -208, 7261, 10000, 1297
2583, 418, 4746, 10000, 992
2583, 418, -3148, 10000, 1753
2722, 837, -6973, 10000, 1369
2722, 139, 10000, 128, -47
2722, 139, 10000, -6208, -376
2303, 279, 10000, -9999, -813
907, 907, 10000, -5371, -832
-68, 1256, 10000, 6257, -605
-68, 1256, 10000, -1723, -1335
139, 1815, 10000, -9999, 63727
-138, 1954, 10000, 5073, -571
-138, 1954, 10000, 5434, -730
0, 2164, 10000, -8726, 63685
279, 2443, 10000, -9999, 63909
279, 2443, 10000, -6810, -1308
-487, 2303, 10000, -4062, 64000
-766, 2443, 10000, 5181, -1024
-766, 2443, 10000, 3856, -1464
-138, 2513, 10000, 1789, -1144
209, 2513, 10000, 5075, -676
209, 2652, 10000, -3206, -1185
558, 2652, 10000, 3334, -271
488, 2583, 4000, 10000, -40
907, 2234, 3937, 10117, 16
907, 2234, 5495, 7143, -249
1256, 1675, 8212, 5770, -76
1396, 1745, 8434, 2453, -209
1396, 1745, -6584, 10000, 950
1396, 1675, -6086, 10000, 995
1605, 558, -9999, 10000, 1785
1605, 558, -3529, 10000, 1276
1954, -208, -8842, 10000, 1791
2094, -208, 3524, 10000, 1292
2094, -208, -8699, 10000, 1792
2303, -68, -9999, 10000, 3195
2513, -208, 7116, 10000, 818
2373, -487, 2000, 10000, 1591
2373, -487, -1028, 10000, 1579
2583, 69, 5029, 10000, 853
2583, 418, 10000, -2507, 56
2583, 418, 10000, -4519, -103
1884, 1396, 10000, -5255, -172
907, 1815, 10000, 3396, -73
907, 1815, 9853, 5844, -269
907, 2024, 10000, 1951, -572
1047, 2164, 8876, 5133, -336
1047, 2164, 10000, -6290, -919
977, 2373, 10000, -3723, -966
558, 2373, 10000, -2472, -684
0, 2583, 10000, 3460, -1089
0, 2583, 10000, 2414, -986
209, 2583, 8647, 5806, -606
628, 2652, 4800, 3734, -475
628, 2652, 212, 9386, -57
1047, 2303, -332, 8451, -361
1466, 1605, 10000, -1726, -184
1466, 1605, 5592, 4278, -53
1256, 1605, 5472, 5105, 10
1186, 1605, 6844, 4205, -162
1186, 1605, 7877, 5245, -68
1326, 1675, 6497, 2845, -129
1117, 1675, 7566, 2972, -164
1117, 1675, 24, 8398, 384
1186, 1884, -8072, 10000, 697
1535, 1186, -4191, 10000, 962
1884, 279, -4913, 10000, 1683
1884, 279, 4191, 10000, 647
2303, -278, 10000, 7020, 377
2303, 698, -5969, 10000, 1493
2303, 698, -6472, 10000, 1247
2303, 767, -2743, 10000, 1327
2513, 139, 6525, 7952, 441
2513, 139, 10000, 2263, 76
2443, 418, 10000, -2464, -34
1745, 1396, 10000, -1561, -211
1745, 1396, 10000, -51, -80
977, 1884, 6425, 7927, 202
1117, 2234, 3214, 6694, -10
1466, 1884, 9782, -1396, -365
1466, 1884, 10000, -5307, -589
1256, 1884, 10000, -1566, -218
837, 2234, 2058, 3934, -421
837, 2234, 4668, 3120, -479
1256, 1954, 5974, 1592, -541
1256, 1745, 10000, -5543, -962
1256, 1745, 9345, -1938, -579
349, 2024, 9587, 6161, -554
488, 2234, 10000, -2602, -997
488, 2234, 10000, 846, -603
628, 2373, 10000, 1518, -1021
628, 2583, 4325, 4623, -274
628, 2583, 4910, 4415, -453
698, 2373, 10000, -1074, -710
907, 2164, 2047, 8703, 145
977, 1954, -4492, 10000, 564
977, 1954, -9999, 10000, 1180
1466, 1047, 3549, 10000, 137
1884, 488, 10000, 5750, -31
1884, 488, 10000, -857, 218
1954, 1396, 10000, -7, -401
1466, 1884, 10000, -9999, -1075
1466, 1884, 10000, -9999, 63245
488, 2024, 10000, -9999, 63377
-627, 2164, 10000, 6660, -1101
-627, 2164, 10000, -9999, 62675
-697, 2234, 10000, -9999, 61485
-1116, 2443, 10000, -9999, 61580
-1604, 2443, 10000, -9999, 61399
-1604, 2443, 10000, -9999, 61814
-2023, 2583, 10000, -9999, 61187
-2163, 2583, 10000, -9999, 60858
-2163, 2583, 10000, -9999, 61887
-2372, 2583, 10000, -9571, 62622
-2512, 2792, 10000, -9999, 61511
-2512, 2792, 10000, -9999, 60895
-2512, 2792, 10000, -9999, 61302
-2651, 2792, 10000, -9999, 61411
-2651, 2792, 10000, -9999, 61052
-2651, 2862, 10000, -9999, 61120
-2791, 2862, 10000, -9999, 61793
-2791, 2862, 10000, -9999, 61936
-2931, 3001, 10000, -9881, 62304
-2791, 2862, 10000, -2449, 62710
-2651, 3001, 10000, -2013, 62854
-2651, 3001, 10000, 4100, 62908
-1744, 2862, 10000, 9676, 63692
-976, 2932, 10000, 6391, -1298
-976, 2932, 10000, 3572, 63961
0, 2932, 10000, -9999, 63621
-138, 2792, 10000, -9307, 63850
-138, 2792, 10000, 8136, -32
-976, 2792, 10000, 10000, -760
-68, 2583, 601, 10000, 551
-68, 2583, -9999, 10000, 1293
767, 1954, 3131, 10000, 105
1466, 628, 1905, 10000, 1047
1815, 767, -3131, 10000, 1519
1815, 767, -7664, 10000, 1551
2234, 349, -9999, 10000, 2875
2373, -278, -8649, 10000, 2271
2373, -278, 10000, 1256, 31
2583, -557, 10000, -9999, -689
1535, 558, 10000, 298, 741
1535, 558, 10000, 10000, 1172
628, 1186, 9573, 10000, 611
1117, 1396, 6659, 10000, 748
1117, 1396, -9241, 10000, 1359
1675, 1535, -9999, 10000, 2271
1884, 279, -9999, 10000, 2911
1884, -744, -9999, 10000, 3133
2234, -557, -9999, 10000, 3786
2303, -1046, -9999, 10000, 3620
2513, -1604, -9999, 10000, 3491
2513, -1604, -9999, 10000, 3823
2373, -1744, -10220, 10000, 3388
2583, -2093, -9999, 10000, 3684
2583, -2093, -9999, 10000, 3565
2792, -2302, -9999, 10000, 3591
2583, -2233, -5387, 10000, 2709
2583, -2233, 10000, 10000, 1356
2722, -2163, 10000, 5349, 312
2443, -417, 10000, 10000, 1148
2443, -417, 545, 10000, 1802
2303, 628, 1368, 10000, 1215
2373, 349, 10000, 2211, -42
1954, 558, 10000, -8392, -750
1954, 558, 10000, -4196, -477
977, 1256, 10000, -3337, -782
279, 1675, 10000, -4271, -1448
279, 1675, 10000, -9999, 63388
-208, 2024, 10000, -9999, 62983
-906, 2164, 10000, -9999, 63088
-906, 2164, 10000, -7168, 63640
-1395, 2373, 10000, 8712, -939
-1116, 2583, -2032, 10000, 655
-1116, 2583, -9999, 10000, 1847
279, 1954, -9999, 10000, 2332
1047, 488, -9999, 10000, 2457
1047, -627, -7232, 10000, 2222
1605, -627, -9999, 10000, 2563
1815, -1046, -4664, 10000, 2309
2094, -1395, 5845, 10000, 2149
2094, -1395, -9999, 10000, 3282
2164, -697, -9999, 10000, 3795
2443, -1255, -9999, 10000, 3892
2443, -1255, -9999, 10000, 4434
2303, -1534, -9999, 10000, 3347
2583, -1883, 10000, 8741, 480
2583, -1883, 10000, -9999, 61596
2164, -1185, 10000, -9999, -1202
767, 69, 10000, 10000, 720
767, 69, -1153, 10000, 1951
209, 767, -4321, 10000, 933
977, 209, 10000, -9999, 63363
837, 418, 10000, -6490, -1186
837, 418, 10000, 6680, -241
279, 1117, 10000, 10000, 80
1047, 1535, 7711, 10000, 30
1047, 1535, 6089, 10000, 152
1605, 1745, 9590, 5279, -679
1605, 1745, 10000, 145, -421
1605, 1745, 10000, 2692, -282
1326, 2094, 10000, 658, -696
977, 2164, 10000, -389, -630
977, 2164, 1754, 10000, 410
628, 2443, 4874, 7388, -573
1186, 1884, 10000, -9999, -1291
1186, 1745, 8420, 7987, 162
698, 1745, 9889, 7128, -336
837, 1884, 10000, -3700, -1158
907, 1954, 10000, 3433, -323
907, 1954, 4997, 9090, 188
767, 2164, -2509, 10000, 79
1466, 1675, 6056, 9342, 109
1466, 1675, 6666, 4315, -151
1884, 1256, 5738, 4452, 68
1535, 1466, 7925, 2792, -254
1535, 1466, 9099, 1128, -199
1047, 1675, 8503, 4144, -186
977, 1954, 3523, 7472, -99
977, 1954, 2782, 7090, 170
1396, 1675, -70, 10095, 464
1884, 1186, -4283, 10000, 856
2024, 767, -3433, 10000, 1036
2024, 767, -3578, 10000, 945
2234, 279, -667, 10000, 990
2583, 69, 2303, 10000, 1001
2583, 69, 1783, 10000, 796
2513, 488, 1496, 10000, 868
2722, 628, 4037, 5155, 551
2722, 628, 10000, -2163, 251
2373, 977, 9232, -1937, 82
1396, 1535, 7024, 4167, -44
1396, 1535, 10000, 651, -441
977, 1884, 3229, 8420, -115
1117, 1954, 3049, 6613, -68
1466, 1745, 6017, 3826, -106
1466, 1745, 3946, 3391, -120
1535, 1396, 6262, 2875, -19
1326, 1466, 6040, 3635, -62
1326, 1466, 5861, 4208, -78
1326, 1535, 4898, 4556, -76
1396, 1535, 6583, 2194, -285
1396, 1535, 6845, 658, -222
1326, 1675, 4585, 3792, -175
1186, 1675, 6077, 3194, -221
1186, 1675, 6497, 2664, -211
1326, 1675, 5295, 3253, -146
1186, 1675, 4429, 4577, -204
1186, 1675, 6033, 2845, -57
1256, 1605, 3955, 4544, -66
1326, 1605, 3904, 4167, -7
1396, 1535, 3548, 4561, 238
1396, 1535, 3441, 4558, -62
1466, 1466, 1559, 7050, 302
1396, 1326, -163, 10000, 485
1396, 1326, -4551, 10000, 697
1815, 1047, -7386, 10000, 1011
2094, 558, -3778, 10000, 1171
2094, 558, -2586, 10000, 810
2234, 0, 2997, 10000, 1122
2513, 209, -4394, 10000, 1069
2513, 209, 6210, 9388, 822
2513, 279, -4262, 10000, 1122
2652, 488, -5752, 10000, 1245
2652, -68, 2953, 10000, 1240
2652, -68, -9999, 10000, 1982
2583, -138, 2708, 10000, 767
2792, -487, 9479, 10000, 928
2792, -487, 8024, 9744, 803
2583, 558, 10000, 3630, 296
2513, 1186, 9122, -691, -62
2513, 1186, 10000, -2342, -8
1815, 1675, 6898, 1077, -119
1117, 1954, 3007, 7901, -23
1117, 1954, 2659, 7624, -94
1326, 1954, 2452, 5773, -172
1605, 1605, 4576, 3142, 12
1605, 1605, 3672, 4445, -44
1605, 1466, 3588, 4073, 78
1396, 1466, 3949, 5371, -18
1535, 1396, 682, 8019, 478
1535, 1396, -8727, 10000, 688
1745, 1117, -9999, 10000, 1377
2024, 139, -7015, 10000, 1525
2024, 139, 1974, 10000, 985
2164, -278, 153, 10000, 1417
2373, 0, -8943, 10000, 1751
2373, 0, -1918, 10000, 757
2443, -208, 5526, 10000, 1149
2443, 0, -5586, 10000, 1301
2443, 0, 10000, 9682, 464
2513, -68, -6723, 10000, 2099
2373, 349, -9999, 10000, 2806
2583, -348, -9999, 10000, 2235
2583, -348, -628, 10000, 1557
2583, -766, -1707, 10000, 2033
2722, -417, 3331, 10000, 985
2722, -417, 8464, 10000, 870
2652, 69, 7402, 10000, 516
2583, 698, 10000, -2609, -359
2583, 698, 10000, -823, -98
2094, 1326, 8776, 428, -149
1535, 1884, 10000, -2947, -945
1535, 1884, 9118, 510, -320
977, 2164, 8320, 4480, -419
1117, 2303, 10000, -4736, -1005
1117, 2559, 10000, -6099, -1107
767, 2373, 10000, -61, -868
69, 2513, 2897, 10000, -333
767, 2303, 9286, 2306, -889
767, 2303, 9486, 1616, -965
1117, 2234, 5083, 3195, -446
767, 2303, 7012, 2721, -680
767, 2303, 4938, 4077, -767
977, 2024, 2352, 6885, -231
1186, 1815, -2830, 10000, 284
1186, 1815, -9999, 10000, 1043
1605, 1117, -9599, 10000, 914
1605, 209, -1997, 10000, 958
1605, 209, 4635, 10000, 324
1884, -278, 10000, 7758, -6
2234, 418, 4480, 10000, 1149
2164, 977, -6206, 10000, 1131
2164, 977, -3130, 10000, 623
2373, 488, 4552, 10000, 636
2303, 558, 8696, 7671, 119
2303, 558, 10000, 1677, -112
2373, 1186, 10000, -3199, -316
1675, 1675, 7746, 2302, -155
1675, 1675, 6495, 2538, -166
1117, 1884, 3346, 8064, -101
1256, 1815, 5441, 4997, -273
1256, 1815, 2712, 7270, -121
1605, 1605, 6903, 1282, -138
1535, 1466, 4788, 4517, -136
1535, 1466, 5159, 4889, -142
1396, 1466, 5176, 4757, -123
1396, 1466, 8264, 1928, -306
1326, 1605, 2932, 6276, -117
1326, 1605, 3331, 5885, -83
1396, 1605, 2232, 6226, -107
1605, 1396, 2205, 4153, -85
1605, 1396, 220, 7515, 222
1466, 1256, -2472, 10000, 681
1745, 977, -7623, 10000, 956
1745, 977, -6121, 10000, 1366
2094, 279, -6327, 10000, 1093
2234, -208, -636, 10000, 1249
2234, -208, 65, 10000, 1168
2303, -138, 1560, 10000, 1092
2513, 0, -1111, 10000, 927
2513, 69, -2210, 10000, 1096
2513, 69, 408, 10000, 1067
2652, 0, 2351, 10000, 903
2652, 209, 5602, 10000, 439
2652, 209, 10000, 4924, 145
2583, 698, 10000, 1284, -86
2164, 1466, 6900, 1260, -74
2164, 1466, 5791, 887, -54
1535, 1745, 3333, 6724, -52
1466, 1675, 3612, 5156, -143
1466, 1675, 2580, 5834, -185
1675, 1466, 3308, 4764, -104
1675, 1396, 3423, 4444, -87
1675, 1256, 3759, 5789, -17
1605, 1256, 2182, 7288, 65
1675, 1256, 907, 7748, 182
1745, 1047, -1573, 10000, 479
1745, 1047, -7166, 10000, 770
2094, 698, -7374, 10000, 1033
2164, 69, -2670, 10000, 986
2164, 69, -1542, 10000, 1392
2373, -348, 10000, 8070, 135
2443, 0, 10000, 2100, 47
2443, 0, -9498, 10000, 1845
1815, 837, -9999, 10000, 1813
2164, 139, -9999, 10000, 2106
2164, 139, 10068, 8570, 253
2443, -627, 1789, 10000, 1564
2303, -138, -9829, 10000, 1813
2373, -417, -7785, 10000, 1862
2373, -417, -9999, 10000, 2862
2443, -906, -5223, 10000, 1734
2583, -1325, -2885, 10000, 2180
2583, -1325, -3304, 10000, 1909
2722, -1116, 10000, 10000, 884
2652, -557, 1509, 10000, 1352
2652, -557, 6507, 10000, 903
2722, 418, 4676, 10000, 693
2652, 628, -3015, 10000, 1074
2652, 628, 3512, 10000, 451
2722, 488, 10000, 2517, -36
2583, 698, 10000, 3050, -72
2583, 1396, 9717, 881, -369
1884, 1396, 4391, 6698, -232
1466, 1884, -3593, 10000, 235
1884, 1326, -2940, 9162, 349
1884, 1326, -2127, 10000, 308
2094, 628, 6650, 6181, 240
2234, 558, 10000, -599, -285
2234, 558, 3637, 9947, 648
1884, 1117, -6005, 10000, 531
1954, 767, 6427, 6140, -248
1954, 767, 10000, -9999, -1347
2024, 558, 10000, -9999, -948
628, 1186, 10000, 2860, -837
628, 1186, 10000, -357, -1530
69, 1745, 10000, -8601, 63263
139, 2094, 10000, -6421, 63752
-487, 2303, 674, 10000, -194
-487, 2303, 6432, 10000, -1212
488, 1954, 10000, -9395, 63339
628, 1815, 10000, 8957, -477
628, 1815, -9015, 10000, 788
628, 1954, 8996, 10000, -953
1326, 1117, 10000, -8540, 63829
1326, 1117, 10000, 9177, 191
907, 1535, -9821, 10000, 1116
1186, 1326, 8507, 7919, -666
1186, 1326, 10000, 6, -1125
1675, 767, 10000, 5473, -384
977, 1605, 1887, 10000, 231
1326, 1815, -1560, 10000, 228
1326, 1815, 3710, 10000, -452
1675, 1186, 6055, 10000, -46
2094, 1326, 4272, 7645, -100
2094, 1326, 1878, 10239, 116
2024, 1396, -4721, 10000, 681
2303, 1117, -9999, 10000, 1044
2303, 1117, -9999, 10000, 1508
2234, 139, -7146, 10000, 1303
2443, -557, -9097, 10000, 1833
2443, -557, 826, 10000, 1087
2443, -836, -4064, 10000, 2033
2583, -348, -9999, 10000, 2285
2583, -348, 5495, 10000, 1006
2583, -697, -6824, 10000, 1924
2583, -417, -1963, 10000, 1148
2722, -557, 5167, 10000, 571
2722, -557, 10000, 6275, 250
2652, 349, 10000, 3809, 11
2303, 1186, 10000, 1538, -284
2303, 1186, 4816, 5669, 52
1675, 1745, -122, 9991, 396
1884, 1396, 554, 7190, -51
1884, 1396, 248, 8928, 197
2234, 907, 10000, -1851, -453
2024, 907, 10000, -9718, -1239
2024, 907, 2108, 10000, 720
907, 1466, -4663, 10000, -210
1047, 1047, 10000, -9994, 63652
1047, 1186, 10000, -9999, 63481
1047, 1186, 10000, -9999, 63248
69, 1605, 10000, -9999, 63039
-836, 1884, 10000, -3020, 63527
-836, 1884, 10000, -6560, 62799
-906, 2234, 10000, 3720, 63282
-836, 2303, 10000, 4847, 63285
-836, 2303, 10000, -2260, 63461
-138, 2443, 10000, 3435, 63826
69, 2583, 10000, -9999, 63051
69, 2583, 10000, -1272, 63920
-138, 2583, 10000, -6210, 63410
-278, 2652, 10000, -3180, 63614
-278, 2652, 10000, 5337, -1443
-487, 2652, 10000, 10000, -995
139, 2652, -9999, 10000, 956
1117, 2024, -4253, 10000, -162
1117, 2024, -716, 10000, -101
1605, 1047, 7687, 8566, 26
2024, 1047, 5686, 8451, -40
2024, 1047, 6615, 5999, -125
2164, 1466, 3192, 3590, -83
1884, 1466, 1699, 6454, 18
1884, 1466, -4715, 10000, 495
1675, 1256, -9999, 10000, 1246
1954, 418, -4089, 10000, 923
1954, 418, -9999, 10000, 1952
2234, -278, -1391, 10000, 1107
2303, -557, 8039, 10000, 897
2443, -138, -9999, 10000, 2068
2443, -138, -4140, 10000, 1545
2443, -208, -5068, 10000, 2016
2583, -627, -7625, 10000, 1852
2583, -627, 5003, 10000, 789
2652, -766, -1970, 10000, 1791
2652, -138, 4865, 10000, 692
2652, -138, 6711, 10000, 681
2722, 279, -1848, 10000, 1051
2583, 628, 4336, 9486, 408
2583, 628, 8815, 4206, -7
2652, 628, 10000, 2514, -61
2024, 1326, 7029, 3653, -56
2024, 1582, 2922, 6843, -135
1675, 1605, 3866, 4923, -243
1745, 1466, 9010, -2299, -764
1466, 1535, 10000, -2754, -703
1466, 1535, 7934, 3150, -293
977, 1954, 2683, 8726, 240
1256, 1884, -9999, 10000, 3205
1256, 1884, 10000, -9999, 63201
1605, 767, 10000, -9999, 61737
698, 1117, 10000, -9999, 63585
698, 1117, 10000, -9999, 62569
-348, 1605, 9043, 10000, -219
-417, 1954, 10000, 10000, -617
-417, 1954, -2065, 10000, 250
767, 2024, -1388, 10000, -8
1535, 1326, 2905, 10000, 42
1954, 1047, 2306, 10000, 97
1954, 1047, -1302, 10000, 645
2094, 1186, -9999, 10000, 1503
2373, 349, -7581, 10000, 1218
2373, 349, -4522, 10000, 1319
2234, -208, -9999, 10000, 2287
2443, -487, -4419, 10000, 1450
2443, -487, 5952, 10000, 945
2513, -836, -7100, 10000, 1967
2513, -68, 2885, 10000, 730
2513, -68, 3139, 10000, 900
2652, -68, 1159, 10000, 1019
2513, 488, -500, 10000, 696
2513, 488, 5727, 10000, 233
2513, 418, 10000, 5721, 114
2652, 837, 9752, 1894, -64
1954, 1396, 4163, 6224, 48
1954, 1396, 5382, 4501, -79
1745, 1745, 2919, 4573, -191
1745, 1535, 2221, 6942, -23
1745, 1535, -819, 8206, 142
1745, 1117, 1990, 8442, 53
1954, 977, 5432, 4289, -66
1954, 977, 1850, 5379, 87
1815, 1117, 2278, 6982, 55
1884, 1117, 2599, 5858, 85
1884, 1117, 6886, 2568, -191
1745, 1117, 3176, 7653, 39
1605, 1256, 2077, 7624, 32
1745, 1186, 3434, 5421, -157
1745, 1186, 3912, 4217, -95
1745, 1117, 4655, 4709, -67
1605, 1256, 4928, 4526, -145
1605, 1256, 3078, 6308, -115
1535, 1326, 3242, 5861, -155
1675, 1256, 4805, 3834, -26
1675, 1256, 1593, 6856, -78
1675, 1256, 4269, 3753, -378
1535, 1186, 7297, 3849, -198
1535, 1186, 3946, 6432, -75
1535, 1466, 1319, 6493, -87
1675, 1256, 999, 10000, 3
1675, 977, 1842, 7963, 58
1815, 977, 10000, -4022, -1036
1675, 1186, 10000, -6647, -970
767, 1675, 3745, 10000, -2
767, 1675, -3206, 10000, 446
977, 1466, 10000, -719, -1343
1326, 1256, 10000, -7734, -1470
1326, 1256, 10000, -9999, 63923
488, 1815, 10000, -6541, 63773
-417, 2094, 10091, 10000, -285
-417, 2094, 10000, 8958, -1264
279, 2164, 10000, -6007, 63546
837, 2164, 10000, -9219, 63798
837, 2164, 10000, -4984, 63602
-68, 2303, 10000, -7490, 63524
-487, 2443, 10000, -2108, 63826
-697, 2513, 10000, 1413, 63725
-697, 2513, 10000, 2563, 63611
-68, 2652, 10000, -7063, 63419
0, 2722, 10000, -7615, 63446
0, 2722, 10000, -5098, 63784
-557, 2722, 10000, -4830, 63429
-627, 2792, 10000, -3505, 63524
-627, 2792, 10000, 378, 63768
-627, 2792, 10000, 3447, 63865
-208, 2862, 10000, 1441, 63959
-208, 2862, 10000, 3169, -1450
209, 2862, 9137, 6004, -915
418, 2792, 10000, -199, -1435
418, 2792, 4943, 8265, -759
558, 2792, 3596, 7084, -862
837, 2583, -857, 10000, -299
1256, 1884, 259, 10000, -209
1256, 1884, 5603, 5314, -277
1745, 1256, 8541, 3195, -221
1745, 1605, 2956, 5451, -36
1745, 1605, 5761, 2781, -297
1535, 1675, 2753, 5119, -154
1396, 1605, 2307, 6802, -175
1396, 1605, 5919, 2338, -321
1326, 1535, 8107, 1935, -401
1186, 1675, 4991, 4716, -174
1186, 1675, 3433, 6777, -164
1186, 1605, 3290, 7034, -94
1396, 1466, 4022, 5992, -46
1466, 1396, 4984, 4974, -206
1466, 1396, 5347, 4544, -188
1466, 1326, 6141, 4745, 12
1396, 1605, 5627, 3002, -221
1396, 1605, 3740, 4552, -54
1326, 1466, 6405, 5524, -393
1396, 1396, 6017, 4894, -76
1396, 1396, 7691, 2188, -355
1326, 1466, 6625, 3399, -317
1186, 1605, 6662, 3088, -80
1186, 1605, 6064, 3874, -135
1117, 1605, 3239, 7419, 90
1396, 1466, 5864, 3724, -72
1535, 1396, 9034, -5320, -651
1535, 1396, 10000, -4742, -717
907, 1745, -291, 10000, 221
837, 1745, -4539, 10000, 38
837, 1745, 10000, -4473, -1410
1466, 1256, 10000, -9999, 63852
558, 1745, 10000, -9999, 63119
558, 1745, 10000, -9999, 62940
-417, 1954, 10000, 10000, -773
-697, 2234, 10000, 10000, -859
-697, 2234, 10000, -9999, 62787
418, 2234, 10000, -9999, 62452
-208, 2373, 10000, -9999, 62718
-208, 2373, 10000, -9999, 62951
-976, 2373, 10000, -9999, 62771
-1534, 2443, 10000, -9999, 62276
-1883, 2513, 10000, -9999, 62555
-1883, 2513, 10000, -5357, 62688
-2093, 2583, 10000, -8482, 62440
-2023, 2583, 10000, -8190, 62521
-2023, 2583, 10000, -5196, 62966
-2093, 2792, 10000, 3086, 63027
-1604, 2792, 10000, -6241, 62670
-1604, 2792, 10000, -4985, 62958
-1185, 2722, 10000, -569, 63366
-1185, 2792, 10000, 8710, 63937
-1185, 2792, 10000, -1823, -1476
-348, 2862, 10000, 5916, -1364
349, 2792, 10000, -8548, 63709
139, 2792, 10000, -9999, 63496
139, 2792, 10000, -9999, 63748
-836, 2792, 10000, 600, -1454
-976, 2792, 10000, 10000, -935
-976, 2792, 9485, 10000, -413
0, 2862, 1721, 10000, -816
1047, 2443, 8469, 3382, -664
1047, 2443, 6897, 2300, -326
1186, 2443, -9631, 10000, 747
1256, 1954, -6457, 10000, 106
1256, 1954, 3089, 8461, -39
1815, 837, 10000, 5067, 254
1815, 1326, -4181, 10000, 1044
1815, 1326, -9999, 10000, 1609
1884, 1186, -9999, 10000, 1835
2234, 0, 289, 10000, 1496
2443, -348, -6582, 10000, 1876
2443, -348, -9398, 10000, 2209
2513, -487, -9999, 10000, 3052
2652, -906, -6821, 10000, 2177
2652, -906, -9999, 10000, 2963
2652, -1116, -9999, 10000, 3610
2722, -1465, -2854, 10000, 1863
2722, -1465, 10000, 10000, 2339
2722, -1395, -4704, 10000, 1853
2722, -487, 10000, 10000, 881
2722, -487, 10000, 5904, 653
2722, 349, 10000, -2591, -4
2234, 1047, 9863, 2770, 434
1396, 1466, -33, 10000, 440
1396, 1466, 10000, 1749, 2
1675, 1466, 7473, 4922, -174
1326, 1675, 10000, -7497, -944
1326, 1675, 10000, -9999, -1408
558, 1954, 6219, 10000, 548
0, 2094, 10000, -5047, 63831
0, 2094, 10000, -8224, 63812
0, 2024, 10000, 5467, -634
-348, 2234, 10000, 4972, -1327
-348, 2234, 10000, 1213, -1236
349, 2373, 8839, 10000, -460
418, 2373, 10000, 364, -1185
418, 2373, 10000, -9744, -1502
767, 2513, 10000, -4442, -1021
-68, 2443, 10000, -3286, -1334
-348, 2513, 10000, 729, -1326
-348, 2513, 10000, 1881, -1237
-138, 2583, 10000, 8133, -851
279, 2722, 10000, 6211, -867
279, 2722, 9012, 5760, -685
767, 2583, 2876, 8364, -240
1047, 2373, -3198, 10000, 49
1047, 2373, 3655, 843, -563
1466, 1535, 10000, 709, -143
1326, 1605, 6968, 4610, -50
1326, 1605, 5694, 7761, 107
1117, 1815, 8545, 2706, -332
1326, 1675, -4114, 10000, 921
1466, 1466, -7465, 10000, 1051
1466, 1466, -9999, 10000, 1633
1815, 279, -551, 10000, 1147
2094, -278, 7161, 10000, 798
2094, -278, 2684, 10000, 1498
2234, 418, 8212, 9995, 631
2443, 837, -4012, 10000, 1521
2443, 837, -6405, 10000, 1248
2513, 907, -5317, 10000, 1304
2513, 69, 5194, 10000, 901
2513, 69, 10000, 7054, 535
2583, 209, 10000, -1182, 46
2373, 1047, 10000, -4247, -84
2373, 1535, 10000, 2702, -160
1256, 1535, 10000, 1253, -254
767, 2024, 5754, 7956, -20
1186, 2094, 4927, 5203, -113
1186, 2094, 5096, 4922, -168
1466, 1884, 5175, 3194, -142
1396, 1745, 10000, -175, -374
1396, 1745, 7636, 1316, -83
1117, 1954, 2508, 6622, -19
1186, 1815, 8782, 310, -545
1186, 1815, 4818, 5098, -19
1256, 1675, 4603, 4609, -13
1256, 1675, 6265, 2680, -116
1256, 1675, 5081, 3611, -1
1326, 1675, 5503, 2179, -87
1256, 1605, 4874, 4072, -127
1256, 1605, 5268, 3500, -54
1256, 1605, -2513, 9726, 427
1466, 1466, 5608, 2930, -107
1535, 1326, 6570, 2325, -165
1535, 1326, 7875, 1096, -195
1396, 1605, 10000, -2553, -341
1047, 1954, 2018, 6602, 243
1047, 1954, -3637, 10000, 475
1117, 1884, -9999, 10000, 1135
1675, 837, -8866, 10000, 1465
1675, 837, -9999, 10000, 1336
2024, -68, -9999, 10000, 2468
2094, -557, -9574, 10000, 2043
2094, -1185, 5081, 10000, 1637
2303, -1185, 7352, 10000, 1352
2373, -487, 10000, 10000, 719
2373, 558, 10000, 5747, 245
2373, 558, 10000, -7053, -338
2094, 1535, 10000, -5213, -631
977, 2024, 10000, 4203, -489
977, 2024, 7921, 6064, -194
628, 2164, 10000, -9999, 63793
628, 2303, 10000, -9999, -1389
628, 2303, 10000, -9999, 63657
-138, 2373, 10000, -9999, 63072
-836, 2443, 10000, -4469, -1231
-836, 2443, 10000, -4704, 62874
-976, 2373, 10000, -9999, 61309
-627, 2443, 10000, -9999, 62309
-1185, 2443, 10000, -9999, 61559
-1185, 2443, 10000, -9999, 61314
-1744, 2583, 10000, 390, 63961
-1744, 2513, -844, 10000, -249
-1744, 2513, -9999, 10000, 1952
-417, 1954, -9999, 10000, 3058
837, 628, -9999, 10000, 2794
837, 628, -9999, 10000, 1635
1466, -138, -9999, 10000, 2959
1884, -697, -9999, 10000, 3429
1884, -697, -9999, 10000, 2521
2094, -1185, 8972, 10000, 1575
2373, -1116, -7855, 10000, 2660
2443, -348, -9999, 10000, 2901
2443, -348, -2098, 10000, 1388
2513, -697, -9999, 10000, 2760
2722, -976, -9999, 10000, 3153
2722, -976, 2830, 10000, 1664
2583, -1255, -9960, 10000, 2945
2792, -976, -9999, 10000, 3075
2792, -976, -7977, 10000, 2177
2583, -1255, 10000, -1465, -391
2443, -697, -9845, 10000, 2991
2443, -697, -9999, 10000, 3126
2164, 69, -9999, 10000, 2491
2094, -487, -632, 10000, 2259
2094, -487, -9999, 10000, 3052
2303, -906, -5185, 10000, 1860
2373, -1255, -5399, 10000, 2212
2513, -1046, 6552, 10000, 1459
2513, -1046, 6671, 10000, 1681
2513, -417, -9999, 10000, 2653
2652, -348, -8508, 10000, 1341
2652, -348, -7548, 10000, 2060
2513, -557, -9999, 10000, 2505
2583, -906, 9621, 10000, 991
2583, -906, 4363, 10000, 1628
2583, -487, 6292, 10000, 930
2513, 209, 10000, 10000, 288
2513, 209, -9999, 10000, 2478
2583, 698, -9999, 10000, 2331
2373, -68, -2732, 10000, 1552
2583, -906, 10000, 6527, 372
2583, -906, 10000, 9600, 453
2443, -138, 353, 10000, 1428
2373, 698, -971, 10000, 1163
2373, 698, -6463, 10000, 1472
2513, 488, -7231, 10000, 1460
2443, -208, 7066, 10000, 659
2443, -208, 9316, 10000, 410
2513, -68, 10000, -718, -347
2164, 767, 10000, -7356, -815
2164, 767, 10000, -9069, -642
1047, 1396, 10000, 8844, -108
558, 1884, -283, 10000, 170
558, 1884, -1343, 10000, -2
1396, 1675, 3664, 9130, -162
1815, 1256, 10000, -1893, -778
1675, 1466, 10000, -5421, -938
1675, 1466, 10000, -9440, -1152
488, 1745, 10000, 4653, -592
279, 2164, 9910, 9041, -760
279, 2164, -63, 10000, 450
907, 2373, -9999, 10000, 983
1535, 1396, -9999, 10000, 1899
1535, 1396, -9999, 10000, 1649
1396, 0, -9999, 10000, 1630
1884, -976, -422, 10000, 1543
1884, -976, 1258, 10000, 1511
2164, -1116, 3121, 10000, 1780
2373, -557, 5813, 10000, 1304
2303, 279, -9482, 10000, 1772
2303, 279, 1679, 10000, 677
2513, 69, 6091, 10000, 695
2443, 418, -5116, 10000, 1334
2443, 418, -4662, 10000, 1139
2513, 279, -9999, 10000, 1847
2583, -348, -4885, 10000, 1354
2583, -348, 3470, 10000, 787
2513, -697, 8849, 10000, 770
2652, 69, -7399, 10000, 1609
2652, 69, -7981, 10000, 1406
2652, 139, -4923, 10000, 1178
2513, -417, -3672, 10000, 1550
2513, -673, -5892, 10000, 1733
2722, -627, -4930, 10000, 1748
2722, -906, 2163, 10000, 1237
2862, -766, 6359, 10000, 831
2862, -766, 10000, 7851, 272
2722, 69, 10000, -9999, -1090
1186, 837, 9748, 10000, 333
1186, 837, -9999, 10000, 1542
698, 1186, -9999, 10000, 1560
1535, 209, -9999, 10000, 1509
1535, 209, -9999, 10000, 1666
1954, -836, -1581, 10000, 1473
1954, -976, 10000, 9556, -175
1954, -976, 10000, 10000, 200
2094, -208, 10000, 10000, 310
2303, 837, 10000, -7322, -1346
1326, 1256, 10000, -9999, 63767
1326, 1256, 10000, -9999, 62538
-68, 1884, 10000, -9999, 62373
-1116, 2164, 10000, -9999, 61911
-1116, 2164, 10000, -6667, 62753
-1534, 2373, 10000, 8931, 63475
-1046, 2513, 10000, 6667, 63584
-1046, 2513, 10000, -4972, 62699
209, 2652, 10000, -9999, 62865
-348, 2652, 10000, -4222, 63540
-348, 2652, 10000, -9136, 62935
-766, 2722, 10000, -9999, 62812
-1046, 2862, 10000, -5440, 62974
-1046, 2862, 10000, -9065, 62658
-1325, 2862, 10000, -9999, 62368
-1674, 3001, 10000, -1327, 63298
-1604, 2932, 8188, 10000, 63987
-1604, 2932, 10000, 10000, -1371
-138, 2862, 10000, 1117, 63517
698, 2862, 10000, -4830, -1155
698, 2862, -3308, 10000, -212
209, 2862, -9999, 10000, 324
837, 1535, 10000, -5505, 63833
837, 1535, 10000, -9999, 63850
977, 1047, 10000, 4677, -880
139, 1675, 10000, 558, 63866
139, 1675, -5798, 10000, 1623
418, 1884, -9999, 10000, 2153
977, 1186, -9999, 10000, 1167
1396, 69, -3366, 10000, 1002
1396, 69, 4514, 10000, 462
1745, -278, 10000, 8603, -83
2024, 698, 10000, 1365, -340
2024, 698, 10000, 4516, -110
1815, 1605, 10000, -4920, -549
1256, 2024, 10000, 1426, -266
1256, 2024, 10000, -7073, -1342
628, 2234, 10000, 212, -1024
209, 2513, 10000, 2640, -1056
209, 2513, 10000, -1439, -1322
349, 2583, 9138, 4638, -956
349, 2862, 3770, 8071, -766
349, 2513, 4296, 4935, -870
837, 2513, 10000, -3897, -836
837, 2164, 2131, 7015, -495
977, 1745, 1449, 10000, 379
977, 1745, -9999, 10000, 3240
1326, 1186, -9999, 10000, 2142
1605, 139, -9999, 10000, 1528
1605, 139, 5, 10000, 641
1954, -487, 3793, 10000, 1465
2303, 139, -9999, 10000, 2580
2303, 139, -9999, 10000, 2659
2303, -138, -9999, 10000, 2888
2513, -1046, -8982, 10000, 2140
2513, -1046, -6442, 10000, 2431
2513, -1255, -9400, 10000, 2161
2652, -1534, -97, 10000, 2529
2652, -1116, 10000, 10000, 831
2652, -1116, 910, 10000, 1813
2722, -208, -2076, 10000, 1556
2792, -68, -6198, 10000, 1764
2792, -68, -7695, 10000, 1503
2722, -278, 10000, -3455, -435
2722, -278, -5363, 10000, 1882
2722, -278, -4884, 10000, 1947
2303, 139, -9999, 10000, 1829
2513, -697, -9999, 10000, 2708
2513, -697, -9999, 10000, 2412
2792, -1325, -9218, 10000, 2531
2583, -1465, -3985, 10000, 2299
2583, -1814, -7225, 10000, 2535
2722, -1814, -5595, 10000, 2410
2792, -1814, -5668, 10000, 2612
2792, -1744, -7767, 10000, 2463
2792, -1744, -9999, 10000, 2992
2792, -1883, 6011, 10000, 2119
2862, -1604, -2577, 10000, 2041
2862, -1604, -4314, 10000, 2462
2722, -1046, -3076, 10000, 1953
2792, -906, -9999, 10000, 2724
2792, -906, -9233, 10000, 1978
2792, -1185, -3042, 10000, 2170
2722, -1185, -4468, 10000, 2289
2722, -1185, -3344, 10000, 2141
2792, -1116, 6373, 10000, 927
2722, -1046, 7262, 10000, 1459
2792, -68, -9999, 10000, 2177
2792, -68, -9999, 10000, 2262
2652, -348, 3106, 10000, 1609
2722, -976, -5965, 10000, 1691
2722, -976, -488, 10000, 1749
2722, -976, -9999, 10000, 2412
2722, -976, -9992, 10000, 2280
2722, -976, 2211, 10000, 991
2722, -1534, 10000, 10000, 611
2583, -557, 5674, 10000, 1116
2583, -557, 10000, 10000, 478
2722, 418, 1364, 10000, 1013
2652, 837, -6618, 10000, 1087
2583, 69, -4673, 10000, 1192
2583, 69, -9999, 10000, 1763
2652, -697, 8339, 10000, 924
2652, -417, -3247, 10000, 1578
2652, -417, -5754, 10000, 1445
2722, -348, -9585, 10000, 2176
2652, -557, -16, 10000, 1168
2652, -557, 9084, 10000, 680
2722, -697, -2848, 10000, 1933
2652, 0, -9999, 10000, 2188
2652, 0, -9999, 10000, 2205
2722, -766, -9120, 10000, 1766
2652, -1395, 6740, 10000, 1477
2652, -1395, -9999, 10000, 2585
2652, -976, -9999, 10000, 2364
2722, -1046, -6725, 10000, 2077
2722, -1465, -9999, 10000, 2712
2722, -1465, -8670, 10000, 2372
2652, -1744, -8697, 10000, 2827
2792, -1883, -1380, 10000, 2160
2792, -1883, -2411, 10000, 2252
2722, -1604, -421, 10000, 1973
2792, -1185, -1868, 10000, 2068
2792, -1185, -938, 10000, 1928
2722, -697, -7098, 10000, 2088
2792, -766, -6899, 10000, 2263
2792, -766, -9471, 10000, 2241
2652, -1185, -1343, 10000, 2037
2722, -1185, 8332, 10000, 1025
2862, -697, 5301, 10000, 1499
2862, -697, -2997, 10000, 1844
2652, 0, -9999, 10000, 2776
2792, -697, -9487, 10000, 1833
2792, -697, 2279, 10000, 1123
2652, -976, -4618, 10000, 1910
2792, -766, -9999, 10000, 2698
2792, -766, -9999, 10000, 1968
2722, -1185, 10000, 1705, -58
2652, -976, -2678, 10000, 2254
2652, -976, -7736, 10000, 2442
2513, -417, -9999, 10000, 2450
2513, -976, -9999, 10000, 2297
2513, -976, 6624, 10000, 1503
2652, -1534, -9999, 10000, 2781
2722, -1116, -9999, 10000, 2528
2652, -1534, -9999, 10000, 2570
2652, -1534, -9999, 10000, 2371
2722, -1953, -3321, 10000, 2405
2583, -1883, -6350, 10000, 2552
2583, -1883, 1916, 10000, 1857
2862, -1814, 5645, 10000, 1566
2652, -1046, 10000, 10000, 599
2652, -1046, 5066, 10000, 1969
2652, 139, -9999, 10000, 2069
2583, 0, 484, 10000, 737
2583, 0, -1569, 10000, 1268
2513, -417, 10000, 10000, 105
2652, 0, 4687, 10000, 982
2373, 418, 4858, 10000, 106
2373, 418, 10000, 7600, -3
2652, 907, -821, 10000, 800
2443, 1117, -9999, 10000, 2128
2443, 1117, -9999, 10000, 2207
2443, -68, -9999, 10000, 3366
2652, -1046, -9999, 10000, 2777
2652, -1046, -1272, 10000, 1638
2652, -1534, 2518, 10000, 1609
2722, -1185, 4400, 10000, 1357
2722, -1185, 8483, 10000, 1341
2722, -417, 1122, 10000, 1592
2652, 69, 5267, 10000, 454
2652, 69, 4317, 10000, 1441
2932, 209, -9999, 10000, 2654
2652, 0, -9999, 10000, 2392
2722, -976, -9999, 10000, 2557
2722, -976, -2241, 10000, 1454
2792, -1604, -4478, 10000, 2346
2792, -1116, -9999, 10000, 2314
2792, -1116, 9591, 10000, 706
2722, -1325, 10000, 412, -154
2652, -348, 10000, 10000, 631
2652, -348, 27, 10000, 1492
2234, 628, -9999, 10000, 1630
2303, 209, 1316, 10000, 1140
2303, 209, -9999, 10000, 2444
2373, 0, 2861, 10000, 232
2513, -557, -9999, 10000, 2563
2513, -487, -9999, 10000, 2516
2513, -487, -9999, 10000, 2216
2583, -1185, -9999, 10000, 2463
2652, -1674, -6822, 10000, 2451
2652, -1674, -9999, 10000, 2766
2722, -1953, -4582, 10000, 2434
2722, -2163, -8387, 10000, 2867
2722, -2163, 494, 10000, 2343
2862, -2093, -5272, 10000, 2734
2792, -1674, -2002, 10000, 1998
2792, -1674, 4964, 10000, 1896
2792, -1395, -5680, 10000, 2707
2792, -906, -8958, 10000, 2434
2792, -1418, -6941, 10000, 2666
2722, -1465, -8981, 10000, 2386
2792, -1814, 231, 10000, 2356
2792, -1744, -1643, 10000, 2483
2792, -1744, 7788, 10000, 1639
2722, -1185, 10000, 10000, 895
2792, -348, -7867, 10000, 1935
2792, -348, -6454, 10000, 1813
2652, -278, -9999, 10000, 2677
2792, -976, 7636, 10000, 690
2792, -976, -9999, 10000, 2877
2513, -976, 881, 10000, 1087
2303, -1116, 10000, 10000, 402
2303, -1116, 3426, 10000, 2014
2303, -278, 10000, 2295, 63234
767, -487, 10000, -9999, 62686
-208, 209, 10000, -9999, 62842
-208, 209, 10000, 9820, -690
-836, 1047, -3599, 10000, 633
69, 1396, 7879, 10000, -87
69, 1396, 10000, 10000, -546
767, 1605, 10000, 682, 63923
1047, 2024, 10000, -8682, 63502
1047, 2024, 10000, -9999, 63779
279, 2513, 10000, 7222, -525
0, 2652, -9999, 10000, -219
0, 2652, -9999, 10000, 2463
279, 1117, -9999, 10000, 2325
558, -417, -9999, 10000, 1970
558, -1255, -1147, 10000, 1737
558, -1255, -9999, 10000, 2353
69, -1395, -8940, 10000, 2088
0, -1395, 4864, 10000, 2164
0, -1395, 5380, 10000, 1517
0, -348, -9999, 10000, 2438
-68, -208, -9999, 10000, 4756
-68, -208, -9999, 10000, 4610
-208, -278, -9999, 10000, 4439
-417, -68, -9999, 10000, 4334
-417, -68, -9999, 10000, 4164
-417, -208, -9999, 10000, 4134
-487, -208, -9999, 10000, 4286
-487, -208, -9999, 10000, 4343
-417, -208, -9999, 10000, 4105
-417, -138, -9999, 10000, 3928
-348, -68, -9999, 10000, 4181
-348, -68, -9999, 10000, 4182
-278, -68, -9999, 10000, 4139
-278, 0, -9999, 10000, 3923
-278, 0, -9999, 10000, 4159
-208, 0, -9999, 10000, 3912
-208, 0, -9999, 10000, 4261
-208, 0, -9999, 10000, 4106
-138, 69, -9999, 10000, 3940
-208, 69, -9999, 10000, 3920
-208, 69, -9999, 10000, 4101
-138, 69, -9999, 10000, 3956
-208, 69, -9999, 10000, 4033
-208, 69, -9999, 10000, 3951
-208, 69, -9999, 10000, 3969
-208, 69, -9999, 10000, 3844
-208, 69, -9999, 10000, 4022
-208, 69, -9999, 10000, 3862
-208, 0, -9999, 10000, 4005
-68, 0, -9999, 10000, 3805
-68, 0, -9999, 10000, 3924
0, 0, -9999, 10000, 3899
-68, 0, -9999, 10000, 3779
-68, 0, -9999, 10000, 4002
-68, 0, -9999, 10000, 3803
69, 0, -9999, 10000, 4044
69, 0, -9999, 10000, 3743
0, 0, -9999, 10000, 3770
0, 0, -9999, 10000, 3987
0, 0, -9999, 10000, 3942
0, 0, -9999, 10000, 3878
69, 0, -9999, 10000, 3817
69, 0, -9999, 10000, 3839
69, 0, -9999, 10000, 3741
139, 0, -9999, 10000, 3959
69, 0, -9999, 10000, 4034
69, 0, -9999, 10000, 3849
139, 0, -9999, 10000, 3961
69, 0, -9999, 10000, 3632
69, 0, -9999, 10000, 3805
69, 0, -9999, 10000, 3962
69, 0, -9999, 10000, 4002
69, 0, -9999, 10000, 3829
69, 0, -9999, 10000, 3645
69, 0, -9999, 10000, 3845
69, 0, -9999, 10000, 3922
69, 0, -9999, 10000, 3709
69, 0, -9999, 10000, 3673
69, 0, -9999, 10000, 3989
69, 0, -9999, 10000, 3867
69, 0, -9999, 10000, 3967
69, 0, -9999, 10000, 3968
69, 0, -9999, 10000, 3641
0, 0, -9999, 10000, 3851
0, 0, -9999, 10000, 4052
0, 0, -9999, 10000, 3737
0, 0, -9999, 10000, 3837
69, 0, -9999, 10000, 3864
139, 0, -9999, 10000, 4091
139, 0, -9999, 10000, 3869
69, 0, -9999, 10000, 3958
139, 0, -9999, 10000, 3875
139, 0, -9999, 10000, 3832
139, 0, -9999, 10000, 3842
69, 0, -9999, 10000, 3942
69, 0, -9999, 10000, 3806
139, 0, -9999, 10000, 3994
69, 69, -9999, 10000, 3849
